dataset,dataset_variant,filename,dark_pixels,bright_pixels,T_mean,T_median,Td_mean,Td_median,Td_dark_mean,Td_dark_median,Td_bright_mean,Td_bright_median,lambda_dark_mean,lambda_dark_median,lambda_bright_mean,lambda_bright_median,boost_dark_mean,boost_dark_median,boost_bright_mean,boost_bright_median,corr_Td_darkness,corr_boost_darkness,gain_mean,gain_median,gain_dark_mean,gain_bright_mean
LOL-v2,Synthetic,r00816405t.png,144317,1046,0.9999998807907104,1.0,0.732744574546814,0.7401896715164185,0.742673397064209,0.7414101958274841,0.08214794099330902,0.07095479965209961,0.9654755592346191,0.963833212852478,0.10679232329130173,0.09224123507738113,0.96547532081604,0.963833212852478,0.10679232329130173,0.09224123507738113,0.9999985098838806,0.9999988675117493,1.9525679349899292,1.9622465372085571,1.96547532081604,1.1067923307418823
LOL-v2,Synthetic,r00869422t.png,142121,1587,0.9999998807907104,1.0,0.7787262201309204,0.8015583753585815,0.79676353931427,0.8038234710693359,0.08618343621492386,0.07683873176574707,1.0357928276062012,1.0449705123901367,0.11203846335411072,0.09989035129547119,1.035792589187622,1.0449705123901367,0.11203846335411072,0.09989035129547119,0.9999991059303284,0.9999992251396179,2.0123441219329834,2.0420258045196533,2.035792589187622,1.112038493156433
LOL-v2,Synthetic,r00879054t.png,121294,652,0.9999998807907104,1.0,0.6496113538742065,0.6986788511276245,0.7134893536567688,0.7123360633850098,0.16590002179145813,0.19288098812103271,0.9275363683700562,0.9260368347167969,0.21567003428936005,0.2507452666759491,0.9275362491607666,0.9260368347167969,0.21567003428936005,0.2507452666759491,0.9999995827674866,0.9999997019767761,1.8444945812225342,1.9082825183868408,1.927536129951477,1.215669870376587
LOL-v2,Synthetic,r01058910t.png,39974,29718,0.9999998807907104,1.0,0.3721804916858673,0.3126203417778015,0.6521989107131958,0.6380891799926758,0.1455138474702835,0.13956725597381592,0.8478590846061707,0.8295158743858337,0.1891680210828781,0.1814374327659607,0.8478586077690125,0.8295158743858337,0.1891680210828781,0.1814374327659607,0.9999997019767761,0.9999997019767761,1.4838346242904663,1.4064064025878906,1.8478585481643677,1.189167857170105
LOL-v2,Synthetic,r01170470t.png,101595,550,0.9999998807907104,1.0,0.6081809997558594,0.6623498201370239,0.7189684510231018,0.7369133234024048,0.08610983192920685,0.06765425205230713,0.9346590638160706,0.9579873085021973,0.11194279044866562,0.08795052766799927,0.9346588850021362,0.9579873085021973,0.11194279044866562,0.08795052766799927,0.9999998211860657,0.9999997019767761,1.790635347366333,1.8610546588897705,1.9346588850021362,1.1119427680969238
LOL-v2,Synthetic,r01474187t.png,84638,18629,0.9999998807907104,1.0,0.4834108054637909,0.5351353883743286,0.6201364994049072,0.6211531162261963,0.057402849197387695,0.02793222665786743,0.8061774373054504,0.8074990510940552,0.07462377846240997,0.03631189465522766,0.8061774373054504,0.8074990510940552,0.0746237114071846,0.03631189465522766,0.9999998211860657,0.9999998807907104,1.6284339427947998,1.6956759691238403,1.8061774969100952,1.074623703956604
LOL-v2,Synthetic,r0150031ft.png,140927,1012,0.9999998807907104,1.0,0.7181009650230408,0.7366330027580261,0.7353885769844055,0.7397395372390747,0.08070586621761322,0.07020461559295654,0.956005334854126,0.961662232875824,0.10491762310266495,0.09126599878072739,0.9560050964355469,0.9616613388061523,0.10491762310266495,0.09126599878072739,0.9999989867210388,0.9999992847442627,1.9335312843322754,1.9576228857040405,1.9560052156448364,1.1049176454544067
LOL-v2,Synthetic,r01559391t.png,140727,4578,0.9999998807907104,1.0,0.7891457080841064,0.8104049563407898,0.8195556998252869,0.81758713722229,0.06814417243003845,0.05056554079055786,1.065422534942627,1.0628632307052612,0.08858741074800491,0.06573519855737686,1.0654222965240479,1.0628632307052612,0.08858741074800491,0.06573519855737686,0.9999995231628418,0.9999995827674866,2.0258893966674805,2.0535264015197754,2.065422296524048,1.0885874032974243
LOL-v2,Synthetic,r02189767t.png,137575,3368,0.9999998807907104,1.0,0.7564505934715271,0.7656435370445251,0.7906929850578308,0.7777780890464783,0.10685733705759048,0.11392050981521606,1.02790105342865,1.0111114978790283,0.13891451060771942,0.14809665083885193,1.0279008150100708,1.0111114978790283,0.13891451060771942,0.14809665083885193,0.9999996423721313,0.9999997019767761,1.983385682106018,1.9953365325927734,2.0279009342193604,1.1389145851135254
LOL-v2,Synthetic,r02354285t.png,110167,30939,0.9999998807907104,1.0,0.6245537996292114,0.7855827808380127,0.8024924993515015,0.8054749965667725,0.05557824298739433,0.03958696126937866,1.0432401895523071,1.0471174716949463,0.07225173711776733,0.0514630489051342,1.0432401895523071,1.0471174716949463,0.07225171476602554,0.0514630489051342,0.9999999403953552,0.9999998807907104,1.811919927597046,2.0212574005126953,2.0432400703430176,1.072251796722412
LOL-v2,Synthetic,r02508493t.png,144787,993,0.9999998807907104,1.0,0.753472626209259,0.7661160826683044,0.7627344131469727,0.7678192853927612,0.05772196501493454,0.038156867027282715,0.9915549755096436,0.9981657862663269,0.07503855228424072,0.04960392415523529,0.9915547370910645,0.9981650114059448,0.07503855228424072,0.04960392415523529,0.9999986886978149,0.9999990463256836,1.9795143604278564,1.9959508180618286,1.9915547370910645,1.0750386714935303
LOL-v2,Synthetic,r0287344at.png,93116,14504,0.9999998807907104,1.0,0.5697858929634094,0.6562808156013489,0.7434895038604736,0.7516621351242065,0.11422598361968994,0.13560235500335693,0.966536283493042,0.9771607518196106,0.14849381148815155,0.176283061504364,0.966536283493042,0.9771607518196106,0.14849378168582916,0.176283061504364,0.9999998807907104,0.9999998211860657,1.740721583366394,1.8531650304794312,1.9665364027023315,1.1484936475753784
LOL-v2,Synthetic,r02897203t.png,126619,20170,0.9999998807907104,1.0,0.6752101182937622,0.7633109092712402,0.7782975435256958,0.77353835105896,0.03888639062643051,0.02993464469909668,1.011786937713623,1.005599856376648,0.05055231228470802,0.038915038108825684,1.011786699295044,1.005599856376648,0.050552308559417725,0.038915038108825684,0.9999997615814209,0.9999999403953552,1.8777731657028198,1.9923040866851807,2.011786699295044,1.050552248954773
LOL-v2,Synthetic,r03193652t.png,121069,13622,0.9999998807907104,1.0,0.6634623408317566,0.7437039613723755,0.7581394910812378,0.7718995809555054,0.11060866713523865,0.10439491271972656,0.9855814576148987,1.003469467163086,0.14379125833511353,0.1357133835554123,0.9855812788009644,1.003469467163086,0.14379125833511353,0.1357133835554123,0.9999997615814209,0.9999997615814209,1.8625009059906006,1.9668151140213013,1.9855812788009644,1.1437911987304688
LOL-v2,Synthetic,r0341853dt.png,129031,14455,0.9999998807907104,1.0,0.6587210297584534,0.7492218613624573,0.739470899105072,0.7607133388519287,0.012217848561704159,0.0009534955024719238,0.9613122940063477,0.9889273047447205,0.015883201733231544,0.0012395441299304366,0.9613121151924133,0.9889273047447205,0.015883201733231544,0.0012395441299304366,0.9999996423721313,0.9999998807907104,1.8563371896743774,1.97398841381073,1.961311936378479,1.015883207321167
LOL-v2,Synthetic,r0372042dt.png,138747,695,0.9999998807907104,1.0,0.7836483120918274,0.8423097729682922,0.8100802898406982,0.844392716884613,0.14157508313655853,0.16717833280563354,1.0531046390533447,1.0977104902267456,0.1840476095676422,0.21733182668685913,1.053104281425476,1.0977104902267456,0.1840476095676422,0.21733182668685913,0.9999994039535522,0.999999463558197,2.018742799758911,2.0950026512145996,2.0531044006347656,1.1840475797653198
LOL-v2,Synthetic,r04317453t.png,143905,2289,0.9999998807907104,1.0,0.7534194588661194,0.7756005525588989,0.768165647983551,0.776404857635498,0.043344058096408844,0.01695960760116577,0.998615562915802,1.0093262195587158,0.056347280740737915,0.022047489881515503,0.9986153244972229,1.0093262195587158,0.056347280740737915,0.022047489881515503,0.9999992251396179,0.9999992847442627,1.9794453382492065,2.0082807540893555,1.9986153841018677,1.056347370147705
LOL-v2,Synthetic,r0465565ct.png,133215,1283,0.9999998807907104,1.0,0.6892164945602417,0.7231699824333191,0.7244468331336975,0.7367085814476013,0.053398896008729935,0.018282711505889893,0.9417809844017029,0.9577211141586304,0.06941856443881989,0.02376752346754074,0.9417807459831238,0.9577211141586304,0.06941856443881989,0.02376752346754074,0.9999992847442627,0.9999995827674866,1.8959815502166748,1.9401209354400635,1.9417808055877686,1.0694185495376587
LOL-v2,Synthetic,r05243256t.png,143513,640,0.9999998807907104,1.0,0.7994120717048645,0.8177371025085449,0.811974287033081,0.8203469514846802,0.13025325536727905,0.14196181297302246,1.0555667877197266,1.0664509534835815,0.1693292260169983,0.18455034494400024,1.0555665493011475,1.0664509534835815,0.1693292260169983,0.18455034494400024,0.9999988675117493,0.9999990463256836,2.0392355918884277,2.0630581378936768,2.0555665493011475,1.1693294048309326
LOL-v2,Synthetic,r05772356t.png,102304,34581,0.9999998807907104,1.0,0.542869508266449,0.6729328036308289,0.724903404712677,0.7311164140701294,0.056255098432302475,0.039801597595214844,0.942374587059021,0.9504513144493103,0.07313162088394165,0.051742073148489,0.9423743486404419,0.9504513144493103,0.07313162088394165,0.051742073148489,0.9999998211860657,0.9999998211860657,1.7057303190231323,1.8748126029968262,1.942374348640442,1.0731316804885864
LOL-v2,Synthetic,r05839451t.png,98326,39234,0.9999998807907104,1.0,0.4872868061065674,0.6199040412902832,0.6657705307006836,0.6685090065002441,0.07198641449213028,0.06721287965774536,0.8655016422271729,0.8690616488456726,0.09358245134353638,0.08737674355506897,0.8655016422271729,0.8690616488456726,0.09358233213424683,0.08737674355506897,0.9999998807907104,0.9999999403953552,1.6334729194641113,1.805875301361084,1.8655016422271729,1.093582272529602
LOL-v2,Synthetic,r0589558at.png,140754,5722,0.9999998807907104,1.0,0.7576625943183899,0.7814316153526306,0.7894386649131775,0.7842419147491455,0.043086789548397064,0.036118388175964355,1.0262705087661743,1.0195144414901733,0.056012820452451706,0.04695390164852142,1.0262703895568848,1.0195144414901733,0.056012820452451706,0.04695390164852142,0.9999995827674866,0.9999995231628418,1.9849611520767212,2.0158610343933105,2.0262701511383057,1.056012749671936
LOL-v2,Synthetic,r0603031et.png,143819,1423,0.9999998807907104,1.0,0.7932615280151367,0.8217468857765198,0.8068467974662781,0.8239667415618896,0.06126028671860695,0.03723776340484619,1.0489009618759155,1.0711567401885986,0.07963836938142776,0.04840908944606781,1.0489007234573364,1.0711567401885986,0.07963836938142776,0.04840908944606781,0.9999991655349731,0.9999994039535522,2.0312397480010986,2.0682709217071533,2.048900842666626,1.0796384811401367
LOL-v2,Synthetic,r068812d7t.png,122774,7102,0.9999998807907104,1.0,0.6797824501991272,0.7396254539489746,0.7611637711524963,0.7725517749786377,0.1279834359884262,0.1422937512397766,0.9895129203796387,1.004317283630371,0.16637884080410004,0.18498186767101288,0.9895129203796387,1.004317283630371,0.1663784384727478,0.18498186767101288,0.9999997615814209,0.9999997615814209,1.8837170600891113,1.9615130424499512,1.9895129203796387,1.1663784980773926
LOL-v2,Synthetic,r0703243bt.png,119887,1118,0.9999998807907104,1.0,0.6632503271102905,0.7261408567428589,0.7296557426452637,0.7389259338378906,0.16067364811897278,0.1683761477470398,0.948552668094635,0.960603654384613,0.20887573063373566,0.21888898313045502,0.9485525488853455,0.960603654384613,0.20887573063373566,0.21888898313045502,0.999999463558197,0.9999996423721313,1.8622252941131592,1.9439830780029297,1.9485524892807007,1.2088756561279297
LOL-v2,Synthetic,r0708431at.png,143898,2858,0.9999998807907104,1.0,0.7537410855293274,0.7710741758346558,0.770247757434845,0.7721476554870605,0.018172061070799828,0.0004178285598754883,1.0013222694396973,1.0037919282913208,0.02362367883324623,0.0005431771278381348,1.0013220310211182,1.0037919282913208,0.02362367883324623,0.0005431771278381348,0.9999991059303284,0.9999993443489075,1.9798635244369507,2.00239634513855,2.0013222694396973,1.0236235857009888
LOL-v2,Synthetic,r072421a1t.png,110742,5557,0.9999998807907104,1.0,0.5956535339355469,0.6222789287567139,0.6821883916854858,0.6740363836288452,0.13140496611595154,0.14803403615951538,0.8868451118469238,0.8762472867965698,0.17082644999027252,0.19244423508644104,0.8868448734283447,0.8762472867965698,0.17082644999027252,0.19244423508644104,0.9999995827674866,0.9999996423721313,1.7743494510650635,1.8089625835418701,1.8868449926376343,1.1708264350891113
LOL-v2,Synthetic,r072649fdt.png,144800,314,0.9999998807907104,1.0,0.8099554777145386,0.8040710687637329,0.8184704184532166,0.8054322600364685,0.08313977718353271,0.06826227903366089,1.064011573791504,1.0470619201660156,0.10808169841766357,0.08874095976352692,1.0640113353729248,1.0470619201660156,0.10808169841766357,0.08874095976352692,0.9999988675117493,0.999998927116394,2.0529420375823975,2.045292377471924,2.064011335372925,1.1080818176269531
LOL-v2,Synthetic,r07598392t.png,134256,7001,0.9999998807907104,1.0,0.7161287665367126,0.7562364339828491,0.765330970287323,0.7703081369400024,0.09884776175022125,0.10165077447891235,0.9949304461479187,1.0014005899429321,0.12850210070610046,0.13214600086212158,0.9949302673339844,1.0014005899429321,0.12850208580493927,0.13214600086212158,0.9999995231628418,0.9999997615814209,1.9309673309326172,1.983107328414917,1.9949302673339844,1.1285020112991333
LOL-v2,Synthetic,r0773471dt.png,145965,153,0.9999998807907104,1.0,0.7262126803398132,0.7117624878883362,0.729764997959137,0.7131385803222656,0.0705893486738205,0.036612093448638916,0.94869464635849,0.9270800948143005,0.09176615625619888,0.04759572073817253,0.9486944675445557,0.9270800948143005,0.09176615625619888,0.04759572073817253,0.9999977350234985,0.999998152256012,1.9440765380859375,1.9252911806106567,1.9486944675445557,1.091766119003296
LOL-v2,Synthetic,r077507cat.png,115215,21908,0.9999998807907104,1.0,0.6851114630699158,0.7882423996925354,0.8320263624191284,0.8159949779510498,0.09224387258291245,0.08856821060180664,1.0816344022750854,1.060793399810791,0.11991702765226364,0.11513867229223251,1.0816341638565063,1.060793399810791,0.11991702765226364,0.11513867229223251,0.9999999403953552,0.9999999403953552,1.8906447887420654,2.024714946746826,2.081634044647217,1.1199170351028442
LOL-v2,Synthetic,r08079988t.png,127728,6262,0.9999998807907104,1.0,0.7257092595100403,0.780136227607727,0.7976124286651611,0.8028773665428162,0.1359943002462387,0.12996906042099,1.0368962287902832,1.0437405109405518,0.17679259181022644,0.16895976662635803,1.036895990371704,1.0437405109405518,0.17679259181022644,0.16895976662635803,0.9999996423721313,0.9999997019767761,1.9434220790863037,2.014177083969116,2.036895990371704,1.1767926216125488
LOL-v2,Synthetic,r0809811bt.png,127511,18734,0.9999998807907104,1.0,0.6798148155212402,0.7789722681045532,0.7812195420265198,0.7913538217544556,0.007945195771753788,0.003962457180023193,1.0155854225158691,1.0287599563598633,0.010328754782676697,0.005151194054633379,1.0155853033065796,1.0287599563598633,0.010328754782676697,0.005151194054633379,0.9999998807907104,0.9999998211860657,1.8837591409683228,2.0126638412475586,2.01558518409729,1.0103286504745483
LOL-v2,Synthetic,r082626aft.png,111724,23042,0.9999998807907104,1.0,0.6510664820671082,0.7497140169143677,0.8025569915771484,0.786628246307373,0.08469515293836594,0.07775956392288208,1.04332435131073,1.0226166248321533,0.11010369658470154,0.10108742862939835,1.0433241128921509,1.0226166248321533,0.11010369658470154,0.10108742862939835,0.9999998211860657,0.9999998807907104,1.846386432647705,1.974628210067749,2.0433239936828613,1.110103726387024
LOL-v2,Synthetic,r084889d5t.png,134117,1049,0.9999998807907104,1.0,0.6155705451965332,0.6021691560745239,0.63591468334198,0.6117234826087952,0.09370500594377518,0.08475512266159058,0.8266892433166504,0.7952405214309692,0.12181650847196579,0.11018165200948715,0.8266891241073608,0.7952405214309692,0.12181650847196579,0.11018165200948715,0.9999992251396179,0.9999994039535522,1.8002417087554932,1.7828198671340942,1.8266888856887817,1.1218165159225464
LOL-v2,Synthetic,r08788547t.png,3909,51615,0.9999998807907104,1.0,0.26273903250694275,0.29060691595077515,0.5378037691116333,0.5277931690216064,0.06829912960529327,0.01912778615951538,0.6991491913795471,0.6861599087715149,0.08878885954618454,0.024866120889782906,0.6991447806358337,0.6861311197280884,0.08878885954618454,0.024866120889782906,0.9999995231628418,0.9999997019767761,1.3415608406066895,1.37778902053833,1.699144721031189,1.0887887477874756
LOL-v2,Synthetic,r08873591t.png,146043,288,0.9999998807907104,1.0,0.8061552047729492,0.8205884695053101,0.8107798099517822,0.8210062384605408,0.10145685821771622,0.10880386829376221,1.054013967514038,1.0673104524612427,0.13189390301704407,0.14144502580165863,1.0540138483047485,1.0673080682754517,0.13189390301704407,0.14144502580165863,0.9999974966049194,0.9999979734420776,2.048002004623413,2.0667648315429688,2.054013729095459,1.1318938732147217
LOL-v2,Synthetic,r08996953t.png,52603,75593,0.9999998807907104,1.0,0.320827454328537,0.1522388458251953,0.6823930740356445,0.6600613594055176,0.04814791679382324,0.026424825191497803,0.8871109485626221,0.858079731464386,0.06259235739707947,0.034352272748947144,0.8871109485626221,0.858079731464386,0.0625922903418541,0.034352272748947144,0.9999999403953552,0.9999998807907104,1.4170758724212646,1.1979105472564697,1.887110948562622,1.0625923871994019
LOL-v2,Synthetic,r0905697bt.png,103562,33142,0.9999998807907104,1.0,0.5602529048919678,0.691674530506134,0.7420732378959656,0.7507110238075256,0.07511765509843826,0.059507906436920166,0.9646952748298645,0.9759243130683899,0.0976530909538269,0.07736027240753174,0.9646952748298645,0.9759243130683899,0.09765295684337616,0.07736027240753174,0.9999998211860657,1.0,1.728328824043274,1.899176836013794,1.9646950960159302,1.0976530313491821
LOL-v2,Synthetic,r09245347t.png,143795,2317,0.9999998807907104,1.0,0.8398441076278687,0.8823801875114441,0.8568850755691528,0.8844042420387268,0.058601733297109604,0.0442233681678772,1.1139508485794067,1.1497254371643066,0.07618225365877151,0.05749037489295006,1.1139506101608276,1.1497254371643066,0.07618225365877151,0.05749037489295006,0.9999992251396179,0.9999993443489075,2.091797351837158,2.147094249725342,2.113950729370117,1.076182246208191
LOL-v2,Synthetic,r09445479t.png,115923,229,0.9999998807907104,1.0,0.6214486360549927,0.6330410242080688,0.7020539045333862,0.7082346677780151,0.08784423023462296,0.0781891942024231,0.9126702547073364,0.9207050204277039,0.1141974925994873,0.10164594650268555,0.9126700758934021,0.9207050204277039,0.1141974925994873,0.10164594650268555,0.9999997615814209,0.9999996423721313,1.8078832626342773,1.822953224182129,1.9126700162887573,1.1141974925994873
LOL-v2,Synthetic,r09670876t.png,109123,4173,0.9999998807907104,1.0,0.58315509557724,0.6047686338424683,0.6534610986709595,0.6964112520217896,0.15117289125919342,0.15872323513031006,0.849499523639679,0.9053345918655396,0.1965247392654419,0.20634019374847412,0.8494992852210999,0.9053345918655396,0.1965247392654419,0.20634019374847412,0.9999995827674866,0.9999996423721313,1.7581015825271606,1.7861992120742798,1.849499225616455,1.196524739265442
LOL-v2,Synthetic,r096982ddt.png,147334,52,0.9999998807907104,1.0,0.7548224925994873,0.7539768815040588,0.7552381157875061,0.7540158033370972,0.09113302081823349,0.07921171188354492,0.9818097352981567,0.9802204966545105,0.11847291886806488,0.10297521948814392,0.9818095564842224,0.9802204966545105,0.11847291886806488,0.10297521948814392,0.9999959468841553,0.9999967813491821,1.9812692403793335,1.9801698923110962,1.9818094968795776,1.118472933769226
LOL-v2,Synthetic,r097088c1t.png,123623,22965,0.9999998807907104,1.0,0.7095915079116821,0.8189014196395874,0.8355865478515625,0.8366007804870605,0.04640757292509079,0.03651195764541626,1.0862627029418945,1.087580919265747,0.06032983958721161,0.04746554419398308,1.0862624645233154,1.087580919265747,0.06032983958721161,0.04746554419398308,0.9999999403953552,0.9999999403953552,1.9224687814712524,2.0645718574523926,2.0862624645233154,1.060329794883728
LOL-v2,Synthetic,r097555c4t.png,74618,28137,0.9999998807907104,1.0,0.4904739558696747,0.5905800461769104,0.7533746957778931,0.7540946006774902,0.147907555103302,0.15978896617889404,0.9793874025344849,0.9803229570388794,0.19227981567382812,0.2077256441116333,0.979387104511261,0.9803229570388794,0.19227981567382812,0.2077256441116333,0.9999998807907104,0.9999999403953552,1.6376161575317383,1.767754077911377,1.9793871641159058,1.1922798156738281
LOL-v2,Synthetic,r104153eat.png,53972,12082,0.9999998807907104,1.0,0.4969179332256317,0.4349921941757202,0.768548309803009,0.7619391679763794,0.13226425647735596,0.14325439929962158,0.9991126656532288,0.9905208945274353,0.17194361984729767,0.18623071908950806,0.9991126656532288,0.9905208945274353,0.1719435304403305,0.18623071908950806,0.9999997019767761,0.9999997615814209,1.6459932327270508,1.5654897689819336,1.999112606048584,1.1719435453414917
LOL-v2,Synthetic,r107730b5t.png,144930,1054,0.9999998807907104,1.0,0.7875663042068481,0.7768017649650574,0.7969444990158081,0.7804000377655029,0.07875178754329681,0.07254904508590698,1.0360279083251953,1.0145200490951538,0.10237733274698257,0.09431375563144684,1.0360277891159058,1.0145200490951538,0.10237733274698257,0.09431375563144684,0.9999988675117493,0.9999991059303284,2.023836135864258,2.0098423957824707,2.036027669906616,1.1023772954940796
LOL-v2,Synthetic,r108301e3t.png,137012,1530,0.9999998807907104,1.0,0.7543625831604004,0.7823748588562012,0.7861475348472595,0.7939461469650269,0.12212494015693665,0.1280810832977295,1.0219919681549072,1.0321300029754639,0.15876242518424988,0.16650539636611938,1.0219917297363281,1.0321300029754639,0.15876242518424988,0.16650539636611938,0.9999993443489075,0.9999996423721313,1.9806714057922363,2.01708722114563,2.021991729736328,1.1587624549865723
LOL-v2,Synthetic,r10893508t.png,120806,6812,0.9999998807907104,1.0,0.6919270157814026,0.719739556312561,0.7790599465370178,0.8018328547477722,0.08196017891168594,0.06809812784194946,1.0127779245376587,1.0423827171325684,0.1065482348203659,0.08852756023406982,1.0127779245376587,1.0423827171325684,0.1065482348203659,0.08852756023406982,0.9999997615814209,0.9999998807907104,1.8995052576065063,1.9356613159179688,2.012777805328369,1.1065483093261719
LOL-v2,Synthetic,r10940798t.png,111422,22232,0.9999998807907104,1.0,0.5912194848060608,0.7108116149902344,0.7335295081138611,0.7590500712394714,0.016128337010741234,0.0044095516204833984,0.9535884261131287,0.9867650270462036,0.02096685767173767,0.005732417106628418,0.9535884261131287,0.9867650270462036,0.02096683904528618,0.005732417106628418,0.9999998807907104,0.9999999403953552,1.768585205078125,1.9240550994873047,1.9535883665084839,1.02096688747406
LOL-v2,Synthetic,r113402d4t.png,117640,23531,0.9999998807907104,1.0,0.6226513981819153,0.7147457599639893,0.7521458268165588,0.7694047689437866,0.0547654815018177,0.02614802122116089,0.9777897000312805,1.0002261400222778,0.07119512557983398,0.033992424607276917,0.9777895212173462,1.0002261400222778,0.07119512557983398,0.033992424607276917,1.0,0.9999998807907104,1.8094468116760254,1.9291694164276123,1.9777895212173462,1.0711950063705444
LOL-v2,Synthetic,r1148801et.png,116599,8378,0.9999998807907104,1.0,0.6865223050117493,0.7188798189163208,0.7918505668640137,0.8195985555648804,0.14043088257312775,0.14401036500930786,1.0294057130813599,1.0654780864715576,0.18256016075611115,0.1872134655714035,1.0294057130813599,1.0654780864715576,0.18256016075611115,0.1872134655714035,0.9999998211860657,0.9999998807907104,1.8924789428710938,1.9345437288284302,2.0294055938720703,1.1825602054595947
LOL-v2,Synthetic,r116825e2t.png,105402,19153,0.9999998807907104,1.0,0.5726344585418701,0.6562237739562988,0.7038599848747253,0.737281084060669,0.12306750565767288,0.13721495866775513,0.9150180220603943,0.9584653973579407,0.15998774766921997,0.17837944626808167,0.9150179624557495,0.9584653973579407,0.15998774766921997,0.17837944626808167,0.9999998211860657,0.9999998807907104,1.744424819946289,1.8530908823013306,1.915018081665039,1.1599876880645752
LOL-v2,Synthetic,r11850456t.png,139118,774,0.9999998807907104,1.0,0.696265459060669,0.7243365049362183,0.7159494757652283,0.73087078332901,0.15327805280685425,0.16146332025527954,0.9307343363761902,0.9501320123672485,0.19926147162914276,0.2099023014307022,0.9307341575622559,0.9501320123672485,0.19926147162914276,0.2099023014307022,0.9999989867210388,0.9999992847442627,1.9051451683044434,1.941637396812439,1.9307341575622559,1.1992614269256592
LOL-v2,Synthetic,r12133015t.png,96823,4858,0.9999998807907104,1.0,0.593183159828186,0.6310802698135376,0.7296294569969177,0.7364250421524048,0.12547601759433746,0.1329708695411682,0.9485182166099548,0.9573525786399841,0.16311880946159363,0.17286212742328644,0.9485182166099548,0.9573524594306946,0.16311880946159363,0.17286212742328644,0.9999997019767761,0.9999998211860657,1.771138072013855,1.820404291152954,1.94851815700531,1.163118839263916
LOL-v2,Synthetic,r125034a9t.png,139642,2480,0.9999998807907104,1.0,0.7961247563362122,0.8313524723052979,0.8248588442802429,0.835800290107727,0.07876697182655334,0.07148528099060059,1.0723166465759277,1.0865403413772583,0.10239706188440323,0.0929308608174324,1.0723164081573486,1.0865403413772583,0.10239706188440323,0.0929308608174324,0.999999463558197,0.9999996423721313,2.0349621772766113,2.0807580947875977,2.0723164081573486,1.102397084236145
LOL-v2,Synthetic,r125442fat.png,128732,8706,0.9999998807907104,1.0,0.7084853053092957,0.7667787671089172,0.7804936170578003,0.7814167141914368,0.058995574712753296,0.04059708118438721,1.0146416425704956,1.0158417224884033,0.07669446617364883,0.05277620255947113,1.0146416425704956,1.0158417224884033,0.07669424265623093,0.05277620255947113,0.9999995827674866,0.9999998211860657,1.921030879020691,1.996812343597412,2.014641761779785,1.0766942501068115
LOL-v2,Synthetic,r127608abt.png,139265,6832,0.9999998807907104,1.0,0.7860174179077148,0.8270602822303772,0.8264634609222412,0.8293935656547546,0.04366857558488846,0.034960925579071045,1.0744026899337769,1.0782115459442139,0.056769151240587234,0.04544920101761818,1.0744025707244873,1.0782115459442139,0.05676914379000664,0.04544920101761818,0.9999996423721313,0.9999996423721313,2.021822690963745,2.075178384780884,2.0744025707244873,1.0567690134048462
LOL-v2,Synthetic,r12946364t.png,138644,1436,0.9999998807907104,1.0,0.7329814434051514,0.7585777044296265,0.7597380876541138,0.7596300840377808,0.14728166162967682,0.16882938146591187,0.9876598119735718,0.9875190854072571,0.19146615266799927,0.21947818994522095,0.9876595139503479,0.9875190854072571,0.19146615266799927,0.21947818994522095,0.9999992251396179,0.9999992847442627,1.9528757333755493,1.9861509799957275,1.9876596927642822,1.1914660930633545
LOL-v2,Synthetic,r1301676dt.png,123084,14200,0.9999998807907104,1.0,0.6876353025436401,0.7806476354598999,0.7901701331138611,0.8049482107162476,0.03546067327260971,0.006614029407501221,1.027221441268921,1.046432614326477,0.046098873019218445,0.008598238229751587,1.0272212028503418,1.046432614326477,0.046098869293928146,0.008598238229751587,0.9999997615814209,0.9999999403953552,1.8939259052276611,2.0148420333862305,2.027221202850342,1.0460988283157349
LOL-v2,Synthetic,r13073518t.png,134700,5127,0.9999998807907104,1.0,0.7300869226455688,0.7686253786087036,0.7736972570419312,0.7847095727920532,0.13035926222801208,0.1336711049079895,1.005806565284729,1.0201224088668823,0.169467031955719,0.1737724244594574,1.0058064460754395,1.0201224088668823,0.169467031955719,0.1737724244594574,0.9999995827674866,0.9999997019767761,1.949112892150879,1.9992129802703857,2.0058064460754395,1.1694670915603638
LOL-v2,Synthetic,r1372056ct.png,125715,20785,0.9999998807907104,1.0,0.6503989100456238,0.7539423704147339,0.7573199272155762,0.7739928960800171,0.016958868131041527,0.010376572608947754,0.9845160245895386,1.0061907768249512,0.02204652689397335,0.013489543460309505,0.9845157861709595,1.0061907768249512,0.0220465250313282,0.013489543460309505,0.9999998211860657,0.9999999403953552,1.8455185890197754,1.980125069618225,1.9845157861709595,1.022046446800232
LOL-v2,Synthetic,r13837601t.png,86275,14434,0.9999998807907104,1.0,0.5563134551048279,0.6507833003997803,0.7610800266265869,0.7792593240737915,0.12004661560058594,0.13365614414215088,0.9894039034843445,1.013037085533142,0.156060591340065,0.17375297844409943,0.9894039034843445,1.013037085533142,0.156060591340065,0.17375297844409943,0.9999998807907104,0.9999998211860657,1.7232075929641724,1.8460183143615723,1.9894039630889893,1.1560605764389038
LOL-v2,Synthetic,r13907965t.png,141605,3255,0.9999998807907104,1.0,0.7182506322860718,0.7165733575820923,0.7399261593818665,0.7203882932662964,0.06969788670539856,0.05123341083526611,0.9619042873382568,0.9365053772926331,0.09060725569725037,0.06660342961549759,0.9619041085243225,0.9365047216415405,0.09060725569725037,0.06660342961549759,0.9999992251396179,0.9999994039535522,1.9337258338928223,1.9315452575683594,1.9619040489196777,1.0906072854995728
LOL-v2,Synthetic,r13928401t.png,83209,16935,0.9999998807907104,1.0,0.5027475953102112,0.5532477498054504,0.6595190763473511,0.6319626569747925,0.1469189077615738,0.15247148275375366,0.8573750257492065,0.8215514421463013,0.19099460542201996,0.19821292161941528,0.8573747873306274,0.8215514421463013,0.19099460542201996,0.19821292161941528,0.9999995827674866,0.9999998807907104,1.6535718441009521,1.719222068786621,1.857374906539917,1.1909945011138916
LOL-v2,Synthetic,r141665bdt.png,142987,638,0.9999998807907104,1.0,0.7841785550117493,0.8105272650718689,0.7978874444961548,0.8111040592193604,0.13411107659339905,0.1510242223739624,1.0372538566589355,1.0544352531433105,0.17434437572956085,0.19633148610591888,1.0372536182403564,1.0544352531433105,0.17434437572956085,0.19633148610591888,0.9999988675117493,0.9999991059303284,2.0194320678710938,2.053685426712036,2.0372536182403564,1.1743443012237549
LOL-v2,Synthetic,r141669e5t.png,128421,16967,0.9999998807907104,1.0,0.8084168434143066,0.9271582961082458,0.9183598160743713,0.9298931360244751,0.032742373645305634,0.019131958484649658,1.1938679218292236,1.208860993385315,0.042565084993839264,0.024871544912457466,1.1938676834106445,1.208860993385315,0.042565084993839264,0.024871544912457466,0.9999998211860657,0.9999999403953552,2.0509419441223145,2.205305576324463,2.1938679218292236,1.0425649881362915
LOL-v2,Synthetic,r1419078bt.png,128214,15978,0.9999998807907104,1.0,0.6979485154151917,0.7617729306221008,0.7833541035652161,0.7693339586257935,0.09235597401857376,0.08910232782363892,1.0183604955673218,1.0001341104507446,0.12006275355815887,0.11583302170038223,1.0183601379394531,1.0001341104507446,0.12006275355815887,0.11583302170038223,0.9999998211860657,0.9999998807907104,1.9073331356048584,1.990304708480835,2.018360137939453,1.1200627088546753
LOL-v2,Synthetic,r142335f0t.png,146094,382,0.9999998807907104,1.0,0.7335952520370483,0.7353447079658508,0.7377120852470398,0.7358304262161255,0.0985727533698082,0.10173094272613525,0.9590259194374084,0.9565795063972473,0.12814456224441528,0.13225021958351135,0.9590258002281189,0.9565795063972473,0.12814456224441528,0.13225021958351135,0.9999977946281433,0.9999982118606567,1.9536737203598022,1.9559481143951416,1.9590257406234741,1.1281445026397705
LOL-v2,Synthetic,r142787e2t.png,20151,57112,0.9999998807907104,1.0,0.2865775525569916,0.21826422214508057,0.6135459542274475,0.5972694158554077,0.1415107697248459,0.17323946952819824,0.7976105213165283,0.7764502167701721,0.18396396934986115,0.22521130740642548,0.7976095676422119,0.7764502167701721,0.18396396934986115,0.22521130740642548,0.9999996423721313,0.9999997019767761,1.3725508451461792,1.2837435007095337,1.797609567642212,1.1839640140533447
LOL-v2,Synthetic,r14289905t.png,129129,4643,0.9999998807907104,1.0,0.6223517060279846,0.6521322727203369,0.665275514125824,0.6685897707939148,0.0712459459900856,0.05155026912689209,0.8648583292961121,0.8691666722297668,0.09261971712112427,0.06701534986495972,0.8648581504821777,0.8691666722297668,0.09261971712112427,0.06701534986495972,0.9999992847442627,0.9999994039535522,1.8090572357177734,1.8477718830108643,1.8648581504821777,1.0926196575164795
LOL-v2,Synthetic,r145215fft.png,125205,2775,0.9999998807907104,1.0,0.5847955942153931,0.6090015769004822,0.6225945949554443,0.6226969361305237,0.10053006559610367,0.106578528881073,0.8093730807304382,0.8095059990882874,0.1306890845298767,0.13855208456516266,0.8093729615211487,0.8095059990882874,0.1306890845298767,0.13855208456516266,0.9999991655349731,0.999999463558197,1.7602341175079346,1.7917020320892334,1.809372901916504,1.130689024925232
LOL-v2,Synthetic,r145221d9t.png,140358,4962,0.9999998807907104,1.0,0.7595987915992737,0.7812247276306152,0.7907938957214355,0.7851541042327881,0.04839715734124184,0.030862927436828613,1.0280320644378662,1.0207003355026245,0.06291695684194565,0.04012180492281914,1.0280320644378662,1.0207003355026245,0.06291630119085312,0.04012180492281914,0.999999463558197,0.9999996423721313,1.9874783754348755,2.015592098236084,2.028032064437866,1.0629162788391113
LOL-v2,Synthetic,r146771d7t.png,118216,16801,0.9999998807907104,1.0,0.6299688816070557,0.7309618592262268,0.7381100058555603,0.7506248950958252,0.06033143773674965,0.03656148910522461,0.9595432877540588,0.9758123159408569,0.07843086868524551,0.04752993583679199,0.959542989730835,0.9758123159408569,0.07843086868524551,0.04752993583679199,0.9999997615814209,1.0,1.8189595937728882,1.9502503871917725,1.959542989730835,1.0784307718276978
LOL-v2,Synthetic,r150058a4t.png,120563,4522,0.9999998807907104,1.0,0.6415672302246094,0.697964608669281,0.7237352132797241,0.7136692404747009,0.11062823981046677,0.13816696405410767,0.9408557415008545,0.9277699589729309,0.14381670951843262,0.1796170473098755,0.9408557415008545,0.9277699589729309,0.14381670951843262,0.1796170473098755,0.9999997019767761,0.9999998211860657,1.8340375423431396,1.9073538780212402,1.940855860710144,1.1438167095184326
LOL-v2,Synthetic,r15885978t.png,128273,5213,0.9999998807907104,1.0,0.7176448106765747,0.788497805595398,0.7794433832168579,0.8088890314102173,0.1067931279540062,0.10906469821929932,1.01327645778656,1.0515557527542114,0.13883104920387268,0.14178410172462463,1.01327645778656,1.0515557527542114,0.13883104920387268,0.14178410172462463,0.9999997615814209,0.9999997615814209,1.9329382181167603,2.0250470638275146,2.0132763385772705,1.1388310194015503
LOL-v2,Synthetic,r15919202t.png,80302,21446,0.9999998807907104,1.0,0.4705617129802704,0.5329974889755249,0.6326912641525269,0.6332683563232422,0.07192743569612503,0.06816965341567993,0.8224987983703613,0.8232488036155701,0.09350565820932388,0.08862054347991943,0.8224985599517822,0.8232488036155701,0.09350565820932388,0.08862054347991943,0.9999996423721313,0.9999997615814209,1.6117302179336548,1.6928967237472534,1.8224984407424927,1.093505620956421
LOL-v2,Synthetic,r1602555bt.png,91778,17182,0.9999998807907104,1.0,0.5585463643074036,0.6252533197402954,0.7345061898231506,0.7159906625747681,0.11252586543560028,0.12225377559661865,0.9548582434654236,0.9307878017425537,0.1462836116552353,0.15892989933490753,0.9548580050468445,0.9307878017425537,0.1462836116552353,0.15892989933490753,0.9999998807907104,0.9999999403953552,1.7261102199554443,1.8128292560577393,1.9548580646514893,1.1462836265563965
LOL-v2,Synthetic,r163317d6t.png,139655,1957,0.9999998807907104,1.0,0.6962883472442627,0.7138053178787231,0.7178921103477478,0.7205103039741516,0.14940261840820312,0.15118741989135742,0.9332597851753235,0.9366633892059326,0.19422337412834167,0.1965436339378357,0.9332596659660339,0.9366633892059326,0.19422337412834167,0.1965436339378357,0.9999991059303284,0.9999993443489075,1.9051748514175415,1.9279468059539795,1.9332596063613892,1.194223403930664
LOL-v2,Synthetic,r163967d4t.png,145216,180,0.9999998807907104,1.0,0.7943909168243408,0.8195300102233887,0.800387442111969,0.8199850916862488,0.06809059530496597,0.048228323459625244,1.0405038595199585,1.0659805536270142,0.08851777017116547,0.06269681453704834,1.0405036211013794,1.0659805536270142,0.08851777017116547,0.06269681453704834,0.9999984502792358,0.9999987483024597,2.032708168029785,2.0653889179229736,2.04050350189209,1.088517665863037
LOL-v2,Synthetic,r16422663t.png,22427,115574,0.9999998807907104,1.0,0.23009492456912994,0.13795113563537598,0.7891446352005005,0.8023326396942139,0.12142690271139145,0.12315833568572998,1.0258879661560059,1.0430324077606201,0.15785495936870575,0.16010582447052002,1.0258879661560059,1.0430324077606201,0.15785495936870575,0.16010582447052002,0.9999997615814209,1.0,1.2991234064102173,1.179336428642273,2.025888204574585,1.1578550338745117
LOL-v2,Synthetic,r16509308t.png,106956,4400,0.9999998807907104,1.0,0.6306704878807068,0.6719855070114136,0.7421665191650391,0.744792103767395,0.11658801883459091,0.11515814065933228,0.9648166298866272,0.9682297110557556,0.15156440436840057,0.14970557391643524,0.9648163318634033,0.9682297110557556,0.15156440436840057,0.14970557391643524,0.9999995827674866,0.9999997615814209,1.8198716640472412,1.8735811710357666,1.9648165702819824,1.1515644788742065
LOL-v2,Synthetic,r165355c0t.png,146621,105,0.9999998807907104,1.0,0.7346138954162598,0.7360501289367676,0.7366718053817749,0.7362387180328369,0.12735500931739807,0.13059425354003906,0.9576735496520996,0.9571102857589722,0.1655615270137787,0.16977252066135406,0.9576733708381653,0.9571102857589722,0.1655615270137787,0.16977252066135406,0.9999970197677612,0.999997615814209,1.9549980163574219,1.9568650722503662,1.95767343044281,1.165561556816101
LOL-v2,Synthetic,r16654024t.png,144789,156,0.9999998807907104,1.0,0.7596140503883362,0.7715799808502197,0.7665271162986755,0.7731543779373169,0.151977077126503,0.15575236082077026,0.9964853525161743,1.0051006078720093,0.19757018983364105,0.2024780660867691,0.99648517370224,1.0051006078720093,0.19757018983364105,0.2024780660867691,0.9999984502792358,0.9999987483024597,1.987498164176941,2.003053903579712,1.9964852333068848,1.1975702047348022
LOL-v2,Synthetic,r1683028at.png,92029,43998,0.9999998807907104,1.0,0.5304046273231506,0.7054449915885925,0.7714479565620422,0.790677011013031,0.07747083157300949,0.05569380521774292,1.0028823614120483,1.027880072593689,0.10071215778589249,0.07240194082260132,1.0028823614120483,1.027880072593689,0.10071209818124771,0.07240194082260132,0.9999999403953552,0.9999997615814209,1.689526081085205,1.9170784950256348,2.002882242202759,1.1007120609283447
LOL-v2,Synthetic,r1694427et.png,147445,5,0.9999998807907104,1.0,0.7029162645339966,0.6709163784980774,0.702949047088623,0.6709243059158325,0.03788192570209503,0.017588376998901367,0.9138339161872864,0.8722015619277954,0.049246497452259064,0.022864889353513718,0.9138337969779968,0.8722015619277954,0.049246497452259064,0.022864889353513718,0.9999987483024597,0.9999989867210388,1.9137909412384033,1.8721911907196045,1.913833737373352,1.0492465496063232
LOL-v2,Synthetic,r170632f5t.png,140271,4118,0.9999998807907104,1.0,0.7619940042495728,0.7886332869529724,0.7914133071899414,0.7939983606338501,0.05769846588373184,0.03360927104949951,1.0288375616073608,1.0321978330612183,0.07500800490379333,0.043692052364349365,1.0288373231887817,1.0321978330612183,0.07500800490379333,0.043692052364349365,0.999999463558197,0.9999995231628418,1.990592122077942,2.0252232551574707,2.028837203979492,1.0750079154968262
LOL-v2,Synthetic,r17217693t.png,143202,2666,0.9999998807907104,1.0,0.782526433467865,0.7873430848121643,0.8004825115203857,0.789044976234436,0.07246489822864532,0.06319278478622437,1.0406274795532227,1.0257583856582642,0.0942043736577034,0.08215061575174332,1.040627121925354,1.0257583856582642,0.0942043736577034,0.08215061575174332,0.9999991059303284,0.9999994039535522,2.0172841548919678,2.023545980453491,2.0406270027160645,1.0942045450210571
LOL-v2,Synthetic,r181768b7t.png,128407,727,0.9999998807907104,1.0,0.7190848588943481,0.7517422437667847,0.7706308364868164,0.7626219987869263,0.15564601123332977,0.16218465566635132,1.0018203258514404,0.9914085865020752,0.20233981311321259,0.21084004640579224,1.0018200874328613,0.9914085865020752,0.20233981311321259,0.21084004640579224,0.9999997019767761,0.9999995827674866,1.9348102807998657,1.9772648811340332,2.0018200874328613,1.2023398876190186
LOL-v2,Synthetic,r1824034et.png,136542,1070,0.9999998807907104,1.0,0.6835400462150574,0.7088601589202881,0.7085837125778198,0.7167414426803589,0.0894334614276886,0.08214640617370605,0.921159029006958,0.9317638278007507,0.1162634864449501,0.10679032653570175,0.9211587309837341,0.9317638278007507,0.1162634864449501,0.10679032653570175,0.9999992847442627,0.9999995231628418,1.8886018991470337,1.921518087387085,1.9211589097976685,1.1162633895874023
LOL-v2,Synthetic,r185929e9t.png,135768,5666,0.9999998807907104,1.0,0.726988673210144,0.7707237601280212,0.7709164619445801,0.7783742547035217,0.06188654527068138,0.03829008340835571,1.0021915435791016,1.011886477470398,0.08045250922441483,0.04977710545063019,1.0021913051605225,1.011886477470398,0.08045250922441483,0.04977710545063019,0.9999996423721313,0.9999995827674866,1.945085048675537,2.0019407272338867,2.0021913051605225,1.0804524421691895
LOL-v2,Synthetic,r18791531t.png,123468,15494,0.9999998807907104,1.0,0.6735338568687439,0.7304378747940063,0.7726296782493591,0.7654831409454346,0.07300864905118942,0.05674940347671509,1.0044186115264893,0.9951280355453491,0.09491155296564102,0.07377421855926514,1.0044186115264893,0.9951280355453491,0.09491122514009476,0.07377421855926514,0.9999997615814209,0.9999998807907104,1.8755940198898315,1.9495692253112793,2.00441837310791,1.0949112176895142
LOL-v2,Synthetic,r18798194t.png,128054,5784,0.9999998807907104,1.0,0.6820635199546814,0.7201788425445557,0.7394360899925232,0.7342286109924316,0.10227029025554657,0.11000531911849976,0.9612669348716736,0.9544971585273743,0.13295136392116547,0.14300690591335297,0.9612666964530945,0.9544971585273743,0.13295136392116547,0.14300690591335297,0.9999997019767761,0.9999997019767761,1.8866826295852661,1.9362324476242065,1.9612667560577393,1.1329513788223267
LOL-v2,Synthetic,r1889220ft.png,54699,63740,0.9999998807907104,1.0,0.3374065160751343,0.22362923622131348,0.5977127552032471,0.6002029776573181,0.1467846781015396,0.14866065979003906,0.7770269513130188,0.7802638411521912,0.19082005321979523,0.1932588517665863,0.7770265936851501,0.7802638411521912,0.19082005321979523,0.1932588517665863,0.9999996423721313,0.9999997615814209,1.4386284351348877,1.2907179594039917,1.777026653289795,1.1908200979232788
LOL-v2,Synthetic,r18990432t.png,104796,7046,0.9999998807907104,1.0,0.6341036558151245,0.7336681485176086,0.7802298069000244,0.8126964569091797,0.16894730925559998,0.1805848479270935,1.014298915863037,1.0565053224563599,0.21963149309158325,0.23476029932498932,1.014298677444458,1.0565053224563599,0.21963149309158325,0.23476029932498932,0.9999998807907104,0.9999998211860657,1.824334740638733,1.9537684917449951,2.014298677444458,1.2196314334869385
LOL-v2,Synthetic,r1904147dt.png,100585,36269,0.9999998807907104,1.0,0.5615088939666748,0.7184354662895203,0.7577762603759766,0.7592029571533203,0.09202288836240768,0.09498047828674316,0.9851092100143433,0.9869638085365295,0.11962980777025223,0.12347462028265,0.9851092100143433,0.9869638085365295,0.11962974816560745,0.12347462028265,1.0,1.0,1.7299615144729614,1.9339661598205566,1.9851089715957642,1.1196297407150269
LOL-v2,Synthetic,r191488c6t.png,65154,28366,0.9999998807907104,1.0,0.4284244179725647,0.46108388900756836,0.6313310861587524,0.6332731246948242,0.10242990404367447,0.10603535175323486,0.8207303881645203,0.8232550024986267,0.1331588625907898,0.1378459483385086,0.8207303881645203,0.8232550024986267,0.1331588625907898,0.1378459483385086,0.9999997615814209,1.0,1.5569517612457275,1.5994091033935547,1.8207305669784546,1.133158802986145
LOL-v2,Synthetic,r1915909et.png,118695,25845,0.9999998807907104,1.0,0.6261471509933472,0.7557814121246338,0.7593222856521606,0.7759805917739868,0.04596910998225212,0.036211371421813965,0.9871188998222351,1.008774757385254,0.059759896248579025,0.047074779868125916,0.9871188998222351,1.008774757385254,0.05975984036922455,0.047074779868125916,0.9999998807907104,0.9999998807907104,1.8139914274215698,1.982515811920166,1.9871189594268799,1.0597598552703857
LOL-v2,Synthetic,r19183258t.png,54,124880,0.9999998807907104,1.0,0.12938058376312256,0.12005990743637085,0.5199832320213318,0.5193945169448853,0.1079241931438446,0.10740053653717041,0.6759781837463379,0.6752128601074219,0.1403014361858368,0.13962069153785706,0.6759781837463379,0.6752128601074219,0.1403014361858368,0.13962069153785706,0.9999980926513672,0.9999985694885254,1.1681947708129883,1.1560778617858887,1.6759783029556274,1.1403014659881592
LOL-v2,Synthetic,r197770adt.png,126106,18243,0.9999998807907104,1.0,0.7108429670333862,0.8167637586593628,0.8193692564964294,0.8325780630111694,0.02171476185321808,0.007690608501434326,1.0651803016662598,1.0823514461517334,0.028229188174009323,0.009997790679335594,1.0651800632476807,1.0823514461517334,0.028229188174009323,0.009997790679335594,0.9999998211860657,1.0,1.924095869064331,2.0617928504943848,2.0651800632476807,1.0282291173934937
