image,prediction,mean_luminance,rms_contrast,entropy,sharpness_laplacian_var,colorfulness,noise_sigma,underexposed_ratio,overexposed_ratio,brightness_gain,loe,niqe,brisque,piqe,musiq,maniqa,clipiqa,psnr,ssim,lpips
00690.png,00690.png,0.5342657566070557,0.16293887794017792,7.173336521999351,0.007615163456648588,31.884571075439453,0.00216523690015899,0.0,0.0021333333333333334,0.4749992787837982,71.5668,4.5264146548029025,23.74359130859375,44.156951904296875,69.9728012084961,0.45019975304603577,0.3673175871372223,20.72886859297111,0.8672101497650146,0.10093747824430466
00691.png,00691.png,0.5333964228630066,0.16304895281791687,7.178739227576737,0.007581667508929968,31.712745666503906,0.0021478449289454873,0.0,0.0021,0.4743536710739136,72.5928,4.754199470697158,21.99114990234375,43.15877914428711,70.60310363769531,0.44353359937667847,0.3883820176124573,20.43560920200829,0.8299543261528015,0.10912102460861206
00692.png,00692.png,0.45538654923439026,0.1761900782585144,7.252273785389492,0.016051791608333588,29.209396362304688,0.002865913542754455,0.0,5e-05,0.41089075803756714,89.5748,4.563684179033364,33.16253662109375,61.183528900146484,72.8569564819336,0.46634170413017273,0.24758782982826233,26.956444349412898,0.9058642387390137,0.07251251488924026
00693.png,00693.png,0.4353465735912323,0.17421580851078033,7.21665152520023,0.015661535784602165,27.262670516967773,0.002824766674207198,0.0,4.5833333333333334e-05,0.39151814579963684,87.7904,4.685748730315698,34.25115966796875,60.50179672241211,74.03518676757812,0.4681040048599243,0.2734021544456482,28.81580876270251,0.9127907752990723,0.06260304152965546
00694.png,00694.png,0.4627770483493805,0.18412913382053375,7.24210652269183,0.013442398980259895,19.785316467285156,0.002656113605678236,0.0,2.9166666666666666e-05,0.41596534848213196,89.7708,4.655227672325737,41.44061279296875,60.486732482910156,70.0347900390625,0.4450409710407257,0.20157550275325775,29.011916209600166,0.9066023826599121,0.056213393807411194
00695.png,00695.png,0.4624834656715393,0.1839572936296463,7.24188100977537,0.013429369777441025,19.754779815673828,0.0026474194035801674,0.0,1.6666666666666667e-05,0.41574063897132874,89.1056,4.607586209275306,42.41351318359375,61.008445739746094,70.6741714477539,0.4391244649887085,0.21316705644130707,29.1762777673721,0.9064504504203796,0.05698290839791298
00696.png,00696.png,0.42053502798080444,0.20368067920207977,7.472249554106893,0.010263671167194843,27.594860076904297,0.0023164899429191097,0.0,0.0002875,0.392294704914093,152.7716,4.4321252052734,9.89166259765625,43.35984420776367,68.19355773925781,0.40061530470848083,0.24794237315654755,25.62408619386033,0.8831643462181091,0.1327126920223236
00697.png,00697.png,0.41978687047958374,0.20357486605644226,7.47340307529408,0.010391345247626305,27.74447250366211,0.0023216896186507847,0.0,0.00023333333333333333,0.3915628492832184,153.868,4.285185500968298,10.76678466796875,42.571441650390625,68.49296569824219,0.40186721086502075,0.24252167344093323,25.522967205638647,0.8773260116577148,0.13614946603775024
00698.png,00698.png,0.4917314052581787,0.14918795228004456,7.026169745692759,0.004669871646910906,38.436073303222656,0.0018881929900416965,0.0,0.001925,0.4633197784423828,148.9256,4.461218145617962,26.47967529296875,49.492584228515625,64.67594909667969,0.2852938771247864,0.23208919167518616,19.80679381197655,0.883881151676178,0.11785251647233963
00699.png,00699.png,0.490714430809021,0.14983025193214417,7.039605883061894,0.00467904144898057,38.22649383544922,0.0018858640153654044,0.0,0.0019291666666666667,0.462197870016098,149.1332,4.3919339941530495,27.80230712890625,49.5279655456543,64.61943817138672,0.2882624864578247,0.23645944893360138,19.6857486663352,0.8643796443939209,0.12481735646724701
00700.png,00700.png,0.5038569569587708,0.1543528139591217,7.0602688584416455,0.004878005478531122,45.09862518310547,0.0018644315915311328,0.0,0.002170833333333333,0.4202984571456909,73.9176,4.52122372722859,29.61993408203125,54.862510681152344,68.59125518798828,0.36132603883743286,0.29042181372642517,17.647398809740707,0.801913321018219,0.09079428017139435
00701.png,00701.png,0.5038499236106873,0.15456044673919678,7.06518564186105,0.004931086674332619,44.98735046386719,0.0018493702634375284,0.0,0.002170833333333333,0.4204132556915283,75.5708,4.487358719172417,28.75775146484375,53.887481689453125,67.84516143798828,0.3710700571537018,0.2919062077999115,17.70466839130339,0.8114628195762634,0.08756475895643234
00702.png,00702.png,0.46152013540267944,0.16862615942955017,7.286923286464132,0.008049402385950089,23.147825241088867,0.00205047841478228,0.0,0.0,0.42037057876586914,95.7252,4.286010840882677,14.68096923828125,46.087276458740234,64.77371978759766,0.4316035509109497,0.25882184505462646,21.535093512030045,0.8931474089622498,0.1322380006313324
00703.png,00703.png,0.4609498381614685,0.1689169853925705,7.291186430745603,0.008149230852723122,23.131351470947266,0.0020504788175100467,0.0,0.0,0.419955313205719,97.4184,4.268179307189117,14.31524658203125,46.196250915527344,64.55554962158203,0.43087103962898254,0.2552335858345032,21.47699985536954,0.8924193978309631,0.13258203864097595
00704.png,00704.png,0.4605380892753601,0.16858501732349396,7.288034971600331,0.00810784101486206,23.146547317504883,0.00203076040305193,0.0,0.0,0.420022189617157,97.7888,4.162368110778531,14.56414794921875,44.817298889160156,65.22846984863281,0.43126150965690613,0.2261497527360916,21.446371232900383,0.8918212056159973,0.13413463532924652
00705.png,00705.png,0.5081421732902527,0.14722560346126556,7.146667105857871,0.003766956739127636,18.899145126342773,0.00191428065919926,0.0,0.0,0.4747506082057953,127.7644,5.2476104798851155,21.57659912109375,48.19526290893555,66.2169189453125,0.41245388984680176,0.17340098321437836,29.346690987947746,0.8950874209403992,0.13715600967407227
00706.png,00706.png,0.4679204225540161,0.14795714616775513,7.150163899706471,0.0036666016094386578,14.671268463134766,0.001888173256381116,0.0,0.0,0.4356900751590729,104.3236,5.508278262907532,23.25640869140625,46.44891357421875,66.40644073486328,0.41436636447906494,0.18497179448604584,25.500219333220645,0.8929529786109924,0.15252207219600677
00707.png,00707.png,0.5063473582267761,0.1464458853006363,7.137480205530276,0.003713661804795265,18.661556243896484,0.001914275078543061,0.0,0.0,0.4731276035308838,128.2472,5.501983549131428,22.36651611328125,49.422691345214844,66.51864624023438,0.41431790590286255,0.23960690200328827,29.197493006999657,0.8948901295661926,0.1396329253911972
00708.png,00708.png,0.47725850343704224,0.18669886887073517,7.29352204918326,0.003124021226540208,43.72106170654297,0.0016870958849442674,0.0,0.009545833333333333,0.4324280619621277,111.1824,5.169839891681707,27.24627685546875,42.713565826416016,65.91289520263672,0.40666380524635315,0.2774958312511444,18.23338682151767,0.8477864861488342,0.12171381711959839
00709.png,00709.png,0.47914740443229675,0.1875784993171692,7.2988032511231955,0.0031341896392405033,44.1361083984375,0.0016957806517060824,0.0,0.009691666666666666,0.4322858154773712,109.214,5.086567506393254,26.29803466796875,38.44729232788086,66.08660125732422,0.41768547892570496,0.2936360538005829,18.103743056140047,0.8488828539848328,0.11774984002113342
00710.png,00710.png,0.49578216671943665,0.24715782701969147,7.01251449094525,0.002920857397839427,31.642377853393555,0.0015334945941075798,0.0,0.10718333333333334,0.3759547472000122,63.1424,5.125650994601838,43.54107666015625,54.97596740722656,60.855857849121094,0.3991164565086365,0.1821254938840866,32.47036841742033,0.9562172889709473,0.04723450541496277
00711.png,00711.png,0.4959307610988617,0.24715444445610046,7.024464867808604,0.002921496517956257,31.599538803100586,0.0015335051225620587,0.0,0.107075,0.3764347434043884,61.3736,4.9789668283339354,43.46380615234375,55.01911544799805,63.1817741394043,0.406011700630188,0.1776760071516037,32.49426640032975,0.9563277363777161,0.048154477030038834
00712.png,00712.png,0.5631669163703918,0.1510627716779709,6.575321979157285,0.004654807038605213,19.897214889526367,0.0016633253387601402,0.0,0.014291666666666666,0.4394678771495819,53.4956,5.695495896400556,28.03533935546875,47.44895553588867,75.80094909667969,0.5739741921424866,0.4397389888763428,33.36959268523097,0.9598327279090881,0.028745347633957863
00713.png,00713.png,0.5638250708580017,0.15093645453453064,6.5690964007896975,0.004639727063477039,19.886695861816406,0.0016546189972965243,0.0,0.0144,0.43897688388824463,54.2448,5.439157946289382,27.80145263671875,44.502410888671875,75.32958984375,0.5709125399589539,0.4105653762817383,33.403199456115054,0.9590665698051453,0.029826387763023376
00714.png,00714.png,0.4081544280052185,0.20107623934745789,7.533173453071465,0.026913393288850784,24.874004364013672,0.00767156767634213,0.0,0.009654166666666667,0.3525693118572235,100.502,3.483797736465255,17.16131591796875,39.92963409423828,70.26972198486328,0.39225152134895325,0.24514655768871307,21.964137827420988,0.8861371874809265,0.07140831649303436
00715.png,00715.png,0.42083418369293213,0.20151755213737488,7.556426921226884,0.02730605937540531,24.784433364868164,0.007901093276976271,0.0,0.0097125,0.3639727532863617,94.1584,3.7223641457299985,17.17694091796875,39.80032730102539,70.4097900390625,0.3921091854572296,0.2411489486694336,21.161778301627447,0.8843943476676941,0.06837350130081177
00716.png,00716.png,0.5049355030059814,0.1852450966835022,7.189106962651901,0.0026485861744731665,14.268072128295898,0.0019229764146758588,0.0,0.04050416666666667,0.3985080122947693,68.0348,4.357114450364697,37.35076904296875,59.634010314941406,70.02800750732422,0.4818294942378998,0.45795193314552307,24.51272769168454,0.9231755137443542,0.07016804814338684
00717.png,00717.png,0.47347551584243774,0.1787387728691101,7.208413396405626,0.0021067364141345024,12.12062931060791,0.0018406726093871714,0.0,0.0045625,0.4340631663799286,93.8152,5.058370570503316,38.92730712890625,59.34295654296875,67.27168273925781,0.39528387784957886,0.344255656003952,28.00425603962788,0.9095127582550049,0.09881691634654999
00718.png,00718.png,0.48610007762908936,0.2525264024734497,7.417508325279884,0.018058203160762787,25.47421646118164,0.00361874291337756,0.0,0.06322916666666667,0.3549838662147522,69.6916,3.3741511453481254,19.22222900390625,37.1502685546875,63.47236633300781,0.49614763259887695,0.3656083047389984,19.80178760115841,0.8846337199211121,0.08949612826108932
00719.png,00719.png,0.48563235998153687,0.25261443853378296,7.416886425425484,0.017970582470297813,25.59890365600586,0.003631489362266715,0.0,0.06387083333333334,0.3548767566680908,70.1232,3.4073646863216123,20.01043701171875,36.93199920654297,64.18843841552734,0.4959871470928192,0.3543983995914459,19.839012125697856,0.8885533213615417,0.08938512951135635
00720.png,00720.png,0.433635413646698,0.16631366312503815,7.299537613663017,0.011433613486588001,9.678860664367676,0.003674361919295368,0.0,6.25e-05,0.3923444151878357,125.3376,3.7176254923732075,13.25054931640625,48.05836868286133,67.0653076171875,0.38113415241241455,0.3292026221752167,16.824371280562346,0.8489775657653809,0.09301894903182983
00721.png,00721.png,0.45392394065856934,0.16806699335575104,7.319546141702147,0.011560304090380669,9.42103385925293,0.0037676882109679596,0.0,0.00010833333333333333,0.4119369685649872,120.414,3.8097291236488586,13.77606201171875,50.42546844482422,67.9134292602539,0.3953835666179657,0.31474000215530396,15.85304091842965,0.8333823084831238,0.09593045711517334
00722.png,00722.png,0.46712130308151245,0.15218819677829742,7.279062338484709,0.023610875010490417,24.87751007080078,0.01052476411180188,0.0,0.00042083333333333333,0.39225056767463684,89.528,3.6936085230581694,26.81365966796875,31.949953079223633,69.87439727783203,0.5092720985412598,0.5463829040527344,15.43160253006473,0.808323085308075,0.11726422607898712
00723.png,00723.png,0.4635302424430847,0.15310612320899963,7.288220859837878,0.02282766066491604,22.223346710205078,0.010332348609176666,0.0,0.00042083333333333333,0.3889797329902649,81.5092,3.6996787828709334,26.67144775390625,32.918128967285156,68.19837188720703,0.4944666028022766,0.4893946647644043,15.317410654512383,0.8069953918457031,0.1205756887793541
00724.png,00724.png,0.4747787415981293,0.14188432693481445,7.122504222529502,0.018196141347289085,16.360660552978516,0.011535549822364821,0.0,0.00012916666666666667,0.41746360063552856,66.4268,4.056481152659431,13.98309326171875,25.5185546875,63.8817024230957,0.3883911967277527,0.22663500905036926,14.144372258817356,0.7089311480522156,0.2185707837343216
00725.png,00725.png,0.4756535589694977,0.14203199744224548,7.12869149424067,0.018663344904780388,16.505878448486328,0.011817083916953497,0.0,0.00012083333333333333,0.4166070520877838,65.662,3.7473713906642754,13.24652099609375,26.89937400817871,64.4190902709961,0.38739505410194397,0.21333423256874084,14.136387604749752,0.7264696955680847,0.20978723466396332
00726.png,00726.png,0.4732409417629242,0.10722790658473969,6.782217506991063,0.039411913603544235,21.60409927368164,0.02303506310388234,0.0,0.0,0.38586172461509705,126.0572,4.500313177036259,19.34222412109375,30.052078247070312,65.45347595214844,0.5018104910850525,0.490803062915802,16.827024697198357,0.8476470112800598,0.12339962273836136
00727.png,00727.png,0.4776356816291809,0.1097991019487381,6.814784898485159,0.03994358330965042,23.636425018310547,0.022752290218682514,0.0,0.0,0.3914637863636017,121.752,4.567992749804898,18.73443603515625,29.71176528930664,65.31034088134766,0.4994032382965088,0.49483177065849304,16.812231301756665,0.8432509303092957,0.13349369168281555
00728.png,00728.png,0.47754237055778503,0.10992683470249176,6.816890890621765,0.04011741653084755,23.623525619506836,0.022721537005877337,0.0,0.0,0.391600102186203,122.124,4.675051942257846,18.29107666015625,31.326326370239258,65.35639190673828,0.4966231882572174,0.48953959345817566,16.669196495597355,0.7915811538696289,0.15513452887535095
00729.png,00729.png,0.4393766522407532,0.18848104774951935,7.105181463151819,0.004362500738352537,12.713286399841309,0.002018015507541304,0.0,0.04053333333333333,0.29715728759765625,79.8636,4.345535325948392,18.63031005859375,48.25868606567383,66.09938049316406,0.5147726535797119,0.45162850618362427,24.0554278858963,0.9342295527458191,0.08546014875173569
00730.png,00730.png,0.43681207299232483,0.1913899928331375,7.128730344203488,0.00435532396659255,11.8081636428833,0.0020006197391802837,0.0,0.04086666666666667,0.29519641399383545,93.0888,4.228432647690132,18.03314208984375,47.75385665893555,65.42313385009766,0.5103501677513123,0.4505334794521332,24.27833751043424,0.9374423027038574,0.0775393545627594
00731.png,00731.png,0.5292393565177917,0.1651698797941208,7.103853970751895,0.011665891855955124,21.793540954589844,0.003099467456643818,0.0,0.0,0.4289908707141876,48.8276,3.7905320252087376,20.39056396484375,39.32343673706055,76.80279541015625,0.5303974747657776,0.628821074962616,16.35525478795696,0.87789386510849,0.09122386574745178
00732.png,00732.png,0.5284112095832825,0.16925707459449768,7.130157682688106,0.012070978060364723,20.996198654174805,0.003131894866308764,0.0,0.0,0.4289061427116394,46.5088,3.77723135877996,21.72821044921875,38.989418029785156,76.75727081298828,0.5276040434837341,0.6202350854873657,16.41950483254638,0.8784658908843994,0.08731263875961304
00733.png,00733.png,0.5196332931518555,0.15489168465137482,7.179865921423236,0.00559800211340189,33.34715270996094,0.002472422739863768,0.0,0.0,0.4184606075286865,101.8016,3.5161840662211454,26.31024169921875,48.19767761230469,76.74934387207031,0.5551196336746216,0.2878672182559967,17.387232504701856,0.8900924324989319,0.071125827729702
00734.png,00734.png,0.5185988545417786,0.1544589400291443,7.177702826759783,0.005539973732084036,33.633270263671875,0.0024874664054681645,0.0,0.0,0.4166920483112335,103.7492,3.4679514101511635,25.85260009765625,46.80571746826172,76.51311492919922,0.5508525967597961,0.3166678547859192,17.4445562782281,0.8914154171943665,0.07051026076078415
00735.png,00735.png,0.4753595292568207,0.21811434626579285,7.419822769734182,0.028539514169096947,17.718547821044922,0.006295141283819326,0.0,0.0012,0.39152514934539795,75.5696,3.8628125932768977,19.97967529296875,35.27401351928711,75.4251480102539,0.44977322220802307,0.4916134774684906,20.002904835919516,0.8474047183990479,0.07542058080434799
00736.png,00736.png,0.4752330183982849,0.21821266412734985,7.419328317109432,0.02862616628408432,17.70078468322754,0.006240101515495473,0.0,0.0012291666666666666,0.39144396781921387,76.1092,3.6021070736822556,20.28314208984375,35.76029968261719,74.82431030273438,0.44479212164878845,0.44604966044425964,20.093658603417083,0.8574397563934326,0.07365682721138
00737.png,00737.png,0.5093684196472168,0.13448917865753174,6.9375626095164264,0.011952691711485386,14.561375617980957,0.0030107846161242006,0.0,0.0,0.42717674374580383,56.3168,4.605776612553454,30.31744384765625,40.920997619628906,67.16301727294922,0.5352961421012878,0.24304501712322235,17.763043317025918,0.8632583618164062,0.12188383936882019
00738.png,00738.png,0.5084589719772339,0.13851839303970337,6.973885821308772,0.012755072675645351,15.062112808227539,0.003015462816930209,0.0,0.0,0.42792409658432007,57.8556,4.654683427477721,31.44879150390625,41.142921447753906,69.89308166503906,0.5329480767250061,0.2640504539012909,17.884552029624384,0.8709791302680969,0.11148765683174133
00739.png,00739.png,0.5311104655265808,0.15221931040287018,6.890273131640459,0.004032421857118607,38.63831329345703,0.0018881978803074382,0.0,0.0,0.4961851239204407,147.7908,4.82710564297252,19.21282958984375,44.079036712646484,64.10430145263672,0.36351320147514343,0.22838382422924042,17.47877102490359,0.8397815227508545,0.16810652613639832
00740.png,00740.png,0.5312881469726562,0.15210773050785065,6.880434046805681,0.003993959166109562,38.405189514160156,0.001888200699401807,0.0,0.0,0.49658265709877014,147.8912,4.839687995484518,19.16571044921875,43.42808532714844,62.63838195800781,0.36156564950942993,0.1706116646528244,17.479658297322626,0.8382372260093689,0.17278967797756195
00741.png,00741.png,0.5020528435707092,0.09897144883871078,6.582102999973578,0.002915254794061184,26.30998992919922,0.002050482384527411,0.0,0.0005416666666666666,0.4320245087146759,100.2336,5.147463673706356,28.14495849609375,46.44382095336914,67.04183959960938,0.4748522639274597,0.16124112904071808,17.862917046250747,0.863234281539917,0.09988870471715927
00742.png,00742.png,0.5393480062484741,0.09327036887407303,6.470458550298527,0.002303679473698139,25.733774185180664,0.0018406609302819294,0.0,0.00042083333333333333,0.5184617638587952,272.9552,5.558223597951217,27.90374755859375,50.19748306274414,64.85269927978516,0.3288537561893463,0.1296224147081375,16.025422962890367,0.8062728047370911,0.19557827711105347
00743.png,00743.png,0.5161412954330444,0.11523915827274323,6.4152740642312525,0.007586854975670576,39.57196807861328,0.002260292907590647,0.0,0.00048333333333333334,0.43574345111846924,135.1736,4.3948401063753435,23.32757568359375,41.77735900878906,70.40338897705078,0.5032578110694885,0.30779001116752625,17.008446245206002,0.8670889735221863,0.11144209653139114
00744.png,00744.png,0.49345681071281433,0.13353848457336426,6.615433421179922,0.006916309241205454,32.35055923461914,0.0021866643761949815,0.0,0.000375,0.43989863991737366,87.3808,5.393426761091425,28.28118896484375,46.03055953979492,68.01838684082031,0.4694763123989105,0.2686137855052948,17.77847717370497,0.8592636585235596,0.1351001113653183
00745.png,00745.png,0.4547581076622009,0.20996257662773132,7.140158003964053,0.02386980503797531,33.130062103271484,0.003317954174120686,0.0,0.0005958333333333333,0.3698647618293762,65.3204,5.530654675396166,22.42108154296875,36.209510803222656,65.51117706298828,0.46923524141311646,0.388332337141037,22.56008470946086,0.8349525332450867,0.11871679872274399
00746.png,00746.png,0.45481210947036743,0.20816612243652344,7.14248677607051,0.025566337630152702,33.15945816040039,0.003397931306034607,0.0,0.0006083333333333333,0.37064164876937866,67.5892,5.60253982447769,22.92694091796875,36.49029541015625,65.91580963134766,0.47346770763397217,0.4137592017650604,22.360336112887254,0.8211559653282166,0.1214887872338295
00747.png,00747.png,0.4791858494281769,0.12511561810970306,6.972344072117822,0.00816537905484438,25.0834903717041,0.002679862922355792,0.0,0.0015666666666666667,0.42732134461402893,120.4728,4.379435341349736,37.12603759765625,44.44512939453125,66.63811492919922,0.4526665210723877,0.3110753297805786,17.8075122638157,0.8714065551757812,0.09064607322216034
00748.png,00748.png,0.478119820356369,0.127021923661232,6.996195351733064,0.008443305268883705,24.73334503173828,0.002664811835053975,0.0,0.001575,0.4259481728076935,113.6736,4.351620015847274,36.63787841796875,49.302940368652344,66.06073760986328,0.4515515863895416,0.33483636379241943,17.852060513046254,0.8817605972290039,0.08460003137588501
00749.png,00749.png,0.4954131841659546,0.10984722524881363,6.767424023856675,0.005203003995120525,24.27396011352539,0.00225156993922351,0.0,0.0012875,0.44700732827186584,107.3736,4.918585355291427,32.46551513671875,42.70265197753906,68.2301254272461,0.45159292221069336,0.25977522134780884,18.475695331446214,0.8719773292541504,0.1720370054244995
00750.png,00750.png,0.5049221515655518,0.11575653403997421,6.851552951495219,0.005678070709109306,24.148927688598633,0.0023101158554864596,0.0,0.0019875,0.45978406071662903,104.7968,4.463555315550287,30.42034912109375,41.977935791015625,69.8503189086914,0.4454483389854431,0.2521960437297821,18.050419433435394,0.8485305905342102,0.13840113580226898
00751.png,00751.png,0.5382846593856812,0.1317712366580963,6.9324113011723085,0.004234073217958212,31.15304183959961,0.0020742306656192796,0.0,1.6666666666666667e-05,0.4997873902320862,106.7028,5.1510710946982945,22.52239990234375,40.55239486694336,65.37639617919922,0.3954237699508667,0.2463582307100296,13.98544208768832,0.8048503398895264,0.137331023812294
00752.png,00752.png,0.5032793879508972,0.1273254007101059,6.897601256402906,0.0038300903979688883,23.557064056396484,0.0018905269700488067,0.0,1.25e-05,0.4641209840774536,88.4044,5.05276327082081,26.55169677734375,45.56090545654297,64.89781188964844,0.4255535304546356,0.22340737283229828,14.90111447895652,0.8230350613594055,0.17949846386909485
00753.png,00753.png,0.513044536113739,0.12595422565937042,6.787075778055473,0.0022671595215797424,23.800888061523438,0.002688565696802043,0.0,0.0,0.46809500455856323,74.4408,4.742331729850708,18.19183349609375,34.775482177734375,57.35832214355469,0.34721264243125916,0.3552294969558716,12.987973777923402,0.7413988709449768,0.1958322525024414
00754.png,00754.png,0.5126705765724182,0.12612822651863098,6.784256584493035,0.0022839847952127457,23.69200325012207,0.0026624826302475302,0.0,0.0,0.46812185645103455,76.4628,4.821187291447974,18.61810302734375,34.68269348144531,57.7082405090332,0.34668412804603577,0.33723101019859314,12.995551213829328,0.7424525618553162,0.197933167219162
00755.png,00755.png,0.4969335198402405,0.12950937449932098,6.802107201571495,0.0021419923286885023,27.796674728393555,0.0023900987981867326,0.0,0.0,0.47365179657936096,141.8512,4.97821354870841,16.79559326171875,33.582366943359375,55.165794372558594,0.2947719097137451,0.30942612886428833,13.53024834295252,0.7256057262420654,0.22856463491916656
00756.png,00756.png,0.49645793437957764,0.12930773198604584,6.802284098035138,0.0021258527413010597,28.096071243286133,0.0024225413389092087,0.0,0.0,0.47344106435775757,143.1792,4.995434296027851,18.39044189453125,33.89393615722656,54.71009063720703,0.2871367931365967,0.25825589895248413,13.555262725130458,0.7214478850364685,0.23246991634368896
00757.png,00757.png,0.49353107810020447,0.09479827433824539,6.6016391830945516,0.0021900599822402,44.75415802001953,0.002074224452105161,0.0,0.0002666666666666667,0.4587027132511139,130.0492,4.755468179744943,33.10784912109375,42.65755844116211,53.95353698730469,0.2730711102485657,0.1259719580411911,19.833194796173885,0.856442928314209,0.1768302619457245
00758.png,00758.png,0.45854541659355164,0.0952833741903305,6.606883762971027,0.0022983765229582787,43.89070510864258,0.00216290815561285,0.0,0.00025416666666666665,0.4234701097011566,119.5624,4.100931875001115,33.00714111328125,42.92403793334961,57.997825622558594,0.3128190338611603,0.17831479012966156,21.684317631668595,0.8679997324943542,0.1425507664680481
00759.png,00759.png,0.4363780915737152,0.19239442050457,7.467943292036464,0.015630027279257774,38.035987854003906,0.00292212501874999,0.0,0.0031458333333333334,0.37340623140335083,114.518,4.5755785765376835,9.78924560546875,44.40816116333008,69.0783920288086,0.4399259090423584,0.38092246651649475,16.079313053246867,0.7619854807853699,0.15248441696166992
00760.png,00760.png,0.44322240352630615,0.1972959041595459,7.52782037646486,0.016447842121124268,38.346981048583984,0.002898361146340287,0.0,0.0034208333333333335,0.3806135356426239,126.8236,4.7465777998357614,9.14227294921875,43.956268310546875,69.86058044433594,0.44138583540916443,0.30528852343559265,15.845203699322553,0.7869651913642883,0.14422005414962769
00761.png,00761.png,0.47857630252838135,0.21555915474891663,7.476154955222568,0.007018097210675478,32.5402946472168,0.001905578057350623,0.0,0.002475,0.433118999004364,126.7776,5.1425990454297095,24.54559326171875,54.50040054321289,71.09359741210938,0.41897907853126526,0.4037571847438812,14.412160349277144,0.81989985704422,0.12443246692419052
00762.png,00762.png,0.4757052958011627,0.21384382247924805,7.452429530023168,0.006943285930901766,33.633602142333984,0.0019055833503441313,0.0,0.0024958333333333334,0.4315231442451477,128.8808,5.1626711221239585,24.85736083984375,51.33684158325195,71.5457992553711,0.41713106632232666,0.39692527055740356,14.551735335249411,0.8214704990386963,0.12095478177070618
00763.png,00763.png,0.544060468673706,0.07339369505643845,6.122751238506298,0.0025770238135010004,19.590761184692383,0.002115381676509282,0.0,0.0,0.48907533288002014,96.2284,10.05695999786782,-4.26470947265625,36.15768051147461,58.77894592285156,0.43796250224113464,0.24203930795192719,11.387289584944444,0.7112887501716614,0.1559240221977234
00764.png,00764.png,0.5430677533149719,0.07838702946901321,6.214930316313449,0.0025898455642163754,25.58194351196289,0.002260268858989706,0.0,0.0,0.4917033910751343,94.2612,10.179182857532295,-1.15460205078125,31.586631774902344,57.58995819091797,0.4190138578414917,0.2600792348384857,11.61262060702443,0.717249870300293,0.15946157276630402
00765.png,00765.png,0.40667724609375,0.20368202030658722,7.546692457897306,0.029169199988245964,40.55310821533203,0.006145059948730888,0.0,0.0016541666666666666,0.36134788393974304,84.0296,5.180123448693728,27.90423583984375,46.1132926940918,65.9151382446289,0.4310928285121918,0.24146495759487152,19.062286857277265,0.8114621043205261,0.13506203889846802
00766.png,00766.png,0.4061658978462219,0.2028486728668213,7.541833009269218,0.029194965958595276,40.60442352294922,0.006160729625882745,0.0,0.0020375,0.36094287037849426,85.3156,5.1674268471552836,28.17572021484375,45.07331085205078,66.39990234375,0.4298701286315918,0.24258776009082794,19.241263547040028,0.8236262202262878,0.12992553412914276
00767.png,00767.png,0.32730403542518616,0.2172326147556305,7.219329385371952,0.010204404592514038,39.147315979003906,0.002413851624349114,0.0,0.005933333333333333,0.30679580569267273,217.3356,4.479533865381666,28.59881591796875,40.339908599853516,66.9182357788086,0.3863579332828522,0.34521785378456116,21.44435090578558,0.8092463612556458,0.1657187044620514
00768.png,00768.png,0.2923104465007782,0.2097202092409134,6.767024700280085,0.009599088691174984,43.81562805175781,0.0023338797854287013,0.0,0.0058375,0.27265146374702454,168.4796,4.964683035914771,31.45892333984375,39.967716217041016,63.21925735473633,0.40920498967170715,0.35965514183044434,24.08328538357432,0.8381540775299072,0.14362095296382904
00769.png,00769.png,0.41287410259246826,0.2011120319366455,7.301221570233164,0.006381007842719555,21.29702377319336,0.002041788585157109,0.0,0.023320833333333332,0.3715047836303711,92.4448,5.406231093276639,29.73895263671875,39.63663101196289,60.45952606201172,0.3949238955974579,0.1749916970729828,14.129483310797202,0.7334153056144714,0.21482691168785095
00770.png,00770.png,0.4135706424713135,0.20081114768981934,7.300925303653366,0.006349199917167425,21.357847213745117,0.0020504745601022246,0.0,0.0232375,0.37199535965919495,92.6628,5.494795261802192,29.98992919921875,39.93616485595703,59.61733627319336,0.3993832767009735,0.18345513939857483,14.097558114468548,0.7315914034843445,0.22051675617694855
00771.png,00771.png,0.4508833885192871,0.13690005242824554,7.114475222867175,0.028489457443356514,18.863821029663086,0.006015221322120602,0.0,8.333333333333333e-05,0.3909682035446167,74.9536,5.625572362616228,56.59906005859375,52.57476043701172,65.98486328125,0.46659618616104126,0.4646298587322235,15.503845427484173,0.6126893162727356,0.11227898299694061
00772.png,00772.png,0.4462362229824066,0.1361532360315323,7.110347065722084,0.02759520150721073,19.065406799316406,0.006069118264106919,0.0,5.833333333333333e-05,0.3865848481655121,70.8344,5.669839955939041,56.02960205078125,52.15264129638672,66.6947021484375,0.46116238832473755,0.47786030173301697,15.763637644879383,0.7170303463935852,0.11909900605678558
00773.png,00773.png,0.4433131515979767,0.1393166333436966,7.083342588393316,0.004266189411282539,25.936527252197266,0.0019768642089886103,0.0,0.0002875,0.4135192036628723,144.6728,4.798490560310664,34.90692138671875,45.55011749267578,58.30998229980469,0.3681855797767639,0.1475597620010376,22.761186392009037,0.9023807048797607,0.12691020965576172
00774.png,00774.png,0.4896385371685028,0.13458499312400818,7.019318685562698,0.003963734023272991,26.445775985717773,0.0018881985706978958,0.0,0.00028333333333333335,0.4591197371482849,157.3336,5.303581479266045,36.47454833984375,53.13404083251953,59.30902862548828,0.3785298466682434,0.18325309455394745,19.296312398349574,0.8818106055259705,0.14737620949745178
00775.png,00775.png,0.4271872341632843,0.21210667490959167,7.593590536608161,0.02340489998459816,39.42708206176758,0.004109636878658247,0.0,0.0008416666666666667,0.3725040555000305,87.2516,3.9339525927496375,25.73272705078125,43.843849182128906,72.17909240722656,0.47848770022392273,0.3154904544353485,20.014283945720138,0.8448796272277832,0.09284864366054535
00776.png,00776.png,0.4474529027938843,0.21219807863235474,7.6089561481092645,0.022290069609880447,40.5830192565918,0.004142093975112871,0.0,0.0008958333333333333,0.3926679790019989,88.2768,4.012414804285682,25.97259521484375,39.49067306518555,71.36771392822266,0.4711053669452667,0.2835826575756073,18.838863982337035,0.8359804153442383,0.097626231610775
00777.png,00777.png,0.41650739312171936,0.20713400840759277,7.582193147537713,0.02296939492225647,36.97612762451172,0.0036338197752564614,0.0,0.0005791666666666666,0.38431692123413086,118.8008,4.395892076129283,23.59637451171875,41.52800750732422,71.71509552001953,0.4225541353225708,0.21121971309185028,20.817806461751648,0.8052963614463806,0.1423223316669464
00778.png,00778.png,0.4131106436252594,0.2046375721693039,7.536171049032185,0.02072124555706978,38.37657165527344,0.0035920373447604135,0.0,0.0005333333333333334,0.3824235498905182,117.3396,4.250761509028633,24.66094970703125,42.685489654541016,71.34795379638672,0.42034798860549927,0.21988530457019806,21.07248940882822,0.8226032257080078,0.13188299536705017
00779.png,00779.png,0.40776506066322327,0.16285346448421478,7.137844873217718,0.011343935504555702,47.86648178100586,0.0022428671072447196,0.0,0.012129166666666667,0.3654364347457886,170.8384,4.085783467680722,30.09661865234375,36.29539489746094,65.3201904296875,0.4936206340789795,0.17132310569286346,15.444923941721411,0.7600776553153992,0.14852280914783478
00780.png,00780.png,0.40744754672050476,0.16290612518787384,7.141399199719804,0.01126516330987215,47.67998123168945,0.0021889954795751847,0.0,0.0121,0.36548733711242676,174.5172,4.127636126402609,30.55535888671875,37.75450134277344,66.28396606445312,0.49397048354148865,0.19288785755634308,15.479567323788554,0.7615666389465332,0.14894548058509827
00781.png,00781.png,0.44907471537590027,0.18760040402412415,7.465904074339722,0.030070355162024498,19.41914176940918,0.007710159582403294,0.0,0.0017666666666666666,0.3880465030670166,101.8884,4.284860199708493,18.63299560546875,31.54994010925293,71.13654327392578,0.5135706663131714,0.31326618790626526,23.888538198025454,0.8608279824256897,0.10723435878753662
00782.png,00782.png,0.44870615005493164,0.18724162876605988,7.4662432933958565,0.030222734436392784,19.508790969848633,0.007699995423955845,0.0,0.0017625,0.38797855377197266,103.0532,4.101444506537435,17.94622802734375,33.45948028564453,71.31903839111328,0.5066173672676086,0.31466254591941833,24.35202945860423,0.880865752696991,0.10099408030509949
00783.png,00783.png,0.44859397411346436,0.18744724988937378,7.464994642197794,0.030311530455946922,19.40487289428711,0.007671873289184709,0.0,0.0017833333333333334,0.38782113790512085,102.9772,3.992991770586721,17.40789794921875,32.71505355834961,71.8152084350586,0.50471431016922,0.3013492822647095,24.296903894209116,0.8799752593040466,0.09952322393655777
00784.png,00784.png,0.441937655210495,0.1814035326242447,7.414614518953256,0.023994486778974533,17.176843643188477,0.005513318160472322,0.0,0.0012,0.41224125027656555,178.564,4.22027931508713,16.24005126953125,32.33381271362305,65.84445190429688,0.4039529860019684,0.23341356217861176,24.009992837166934,0.8141215443611145,0.17831175029277802
00785.png,00785.png,0.44227439165115356,0.18092262744903564,7.40852271355151,0.02399776130914688,17.2674503326416,0.005506948387980032,0.0,0.0011666666666666668,0.4126259982585907,180.5296,4.192501910838221,16.49066162109375,33.37789535522461,67.16372680664062,0.4052351117134094,0.21954300999641418,23.883363232580344,0.8058359026908875,0.1780218929052353
00786.png,00786.png,0.441459983587265,0.18164336681365967,7.417158760107385,0.0241218451410532,17.269241333007812,0.005515653291130194,0.0,0.0011333333333333334,0.41183406114578247,178.5112,4.278378424633098,16.88494873046875,33.252628326416016,66.67711639404297,0.4024052321910858,0.21318557858467102,24.141201078146736,0.8176726698875427,0.1786484718322754
00787.png,00787.png,0.37321001291275024,0.1501283049583435,7.238487326501306,0.008364389650523663,28.798688888549805,0.003084415448821391,0.0,0.0,0.3584598898887634,172.6468,3.4563711480707524,25.68109130859375,38.36045837402344,67.52906036376953,0.36556926369667053,0.17645780742168427,21.24269388958274,0.8025763630867004,0.17123067378997803
00788.png,00788.png,0.3609885275363922,0.14871612191200256,7.223003995889987,0.008157709613442421,29.866086959838867,0.003099455835071114,0.0,0.0,0.3469037711620331,176.9256,3.541013531969305,25.14068603515625,37.230812072753906,66.6775131225586,0.35000863671302795,0.16842897236347198,22.166211183320517,0.8069658279418945,0.16918149590492249
00789.png,00789.png,0.3620738983154297,0.14848323166370392,7.223425833794808,0.008266253396868706,29.971345901489258,0.003131929385831645,0.0,0.0,0.3479103744029999,172.8828,3.437439300644775,25.27825927734375,38.64081954956055,66.58902740478516,0.3496347963809967,0.17281605303287506,22.0869907023433,0.8064234852790833,0.16906294226646423
