file,height,width,inference_ms,psnr,ssim,lpips,lpips_256,lambda_mean,lambda_min,lambda_max,attention_mean,attention_min,attention_max,dark_prior_mean,effective_gain_mean,illumination_gain_mean
1003_UHD_LL.JPG,540,960,270.8274100004928,19.694623576621254,0.8180050849914551,0.22052286565303802,0.13942570984363556,1.134364366531372,0.8154674768447876,1.337464451789856,0.9999998211860657,0.9376674294471741,1.0,0.8427236676216125,1.134364366531372,2.134364128112793
1009_UHD_LL.JPG,540,960,268.7944770004833,21.46164841422205,0.9518164992332458,0.04034548997879028,0.020726781338453293,1.0316658020019531,0.255160927772522,1.331526517868042,1.0,0.9652205109596252,1.0,0.7704974412918091,1.0316658020019531,2.031665802001953
1024_UHD_LL.JPG,540,960,270.1119920020574,21.492965800885667,0.945512056350708,0.06226624920964241,0.03301144763827324,1.080096960067749,0.4165631830692291,1.3330286741256714,1.0,0.956811785697937,1.0,0.8013215065002441,1.080096960067749,2.08009672164917
1043_UHD_LL.JPG,540,960,268.8531539970427,18.306366953530247,0.9054207801818848,0.1218891590833664,0.07661478966474533,1.1121317148208618,0.5487300157546997,1.3427209854125977,1.0,0.9602994918823242,1.0,0.8244448304176331,1.1121317148208618,2.1121315956115723
1085_UHD_LL.JPG,540,960,270.5215620007948,20.918167780508355,0.8843259811401367,0.05756845697760582,0.036569107323884964,1.1924737691879272,0.6122417449951172,1.3491203784942627,0.999999463558197,0.5865509510040283,1.0,0.8846449255943298,1.1924731731414795,2.192472457885742
1102_UHD_LL.JPG,540,960,268.5478460043669,18.510550288721756,0.905663013458252,0.06456106156110764,0.03384731709957123,0.8025598526000977,0.2422366738319397,1.3327155113220215,0.9999992847442627,0.49490126967430115,1.0,0.6455641388893127,0.8025590181350708,1.8025587797164917
1124_UHD_LL.JPG,540,960,268.8200659977156,21.60154077709422,0.9242587685585022,0.05451907217502594,0.02387876808643341,0.864983856678009,0.3043133318424225,1.3342621326446533,0.9999991655349731,0.43110233545303345,1.0,0.6850125789642334,0.8649827837944031,1.8649826049804688
1142_UHD_LL.JPG,540,960,270.5463239981327,22.102163549520508,0.9308196902275085,0.053045231848955154,0.02297341264784336,0.8755837082862854,0.3124872148036957,1.3311387300491333,0.9999991655349731,0.45750588178634644,1.0,0.6914854645729065,0.8755826950073242,1.8755825757980347
1165_UHD_LL.JPG,540,960,270.7011809980031,26.521765517711827,0.9326429963111877,0.07312481105327606,0.021228376775979996,1.0998048782348633,0.5807198882102966,1.3495389223098755,0.9999990463256836,0.32844260334968567,1.0,0.8184232711791992,1.0998036861419678,2.0998032093048096
1184_UHD_LL.JPG,540,960,271.9076890061842,20.193373764789165,0.8788861632347107,0.13450103998184204,0.05137255787849426,1.0485968589782715,0.6028872132301331,1.3493404388427734,0.9999990463256836,0.3120115399360657,1.0,0.7880558371543884,1.048595666885376,2.048595428466797
1188_UHD_LL.JPG,540,960,269.1388579987688,17.070050358616086,0.9126299619674683,0.16714081168174744,0.11097820848226547,1.075985074043274,0.8793841600418091,1.340187668800354,0.9999998211860657,0.9315763115882874,1.0,0.7976942658424377,1.0759849548339844,2.0759847164154053
1191_UHD_LL.JPG,540,960,271.0065119972569,8.66990434971626,0.6681084036827087,0.41383570432662964,0.27157720923423767,1.14304780960083,0.8240147233009338,1.3455324172973633,0.9999997019767761,0.7497826218605042,1.0,0.8470557332038879,1.143047571182251,2.1430470943450928
1223_UHD_LL.JPG,540,960,271.3175729950308,13.396968984742204,0.7503163814544678,0.1520540714263916,0.08007243275642395,1.1577188968658447,0.22073166072368622,1.3491734266281128,0.9999997615814209,0.8353829979896545,1.0,0.8578110337257385,1.157718539237976,2.1577179431915283
1246_UHD_LL.JPG,540,960,273.67821899679257,23.254393067120983,0.8824509978294373,0.10986191779375076,0.050005022436380386,1.1671428680419922,0.25317198038101196,1.3480093479156494,0.9999997615814209,0.8304428458213806,1.0,0.8661060333251953,1.167142629623413,2.167142152786255
1256_UHD_LL.JPG,540,960,273.079675003828,30.218703793471143,0.9605054259300232,0.019492313265800476,0.011649934574961662,0.8377624750137329,0.17492055892944336,1.3209120035171509,0.9999999403953552,0.91275954246521,1.0,0.6792644262313843,0.8377623558044434,1.8377623558044434
1277_UHD_LL.JPG,540,960,269.36865300376667,32.521790269510696,0.9725776314735413,0.057433001697063446,0.014925953932106495,0.9968851208686829,0.8977479934692383,1.3424848318099976,0.9999998211860657,0.9430932402610779,1.0,0.7398281693458557,0.9968850612640381,1.9968849420547485
1294_UHD_LL.JPG,540,960,270.3470160049619,27.445662224995495,0.9507638812065125,0.023943578824400902,0.009164675138890743,0.9509950280189514,0.24704036116600037,1.3326655626296997,0.9999998211860657,0.8850536346435547,1.0,0.7458761930465698,0.9509949088096619,1.9509947299957275
1312_UHD_LL.JPG,540,960,273.6181979998946,21.817799584246295,0.9495822191238403,0.0483156219124794,0.028226487338542938,0.784434974193573,0.23331673443317413,1.3429038524627686,1.0,0.9792623519897461,1.0,0.6262187361717224,0.784434974193573,1.7844349145889282
1315_UHD_LL.JPG,540,960,270.6731319995015,27.72402546418045,0.935958981513977,0.043045155704021454,0.013914927840232849,1.0998666286468506,0.4513076841831207,1.3424098491668701,0.9999997019767761,0.7888597249984741,1.0,0.8257104754447937,1.0998663902282715,2.0998661518096924
1335_UHD_LL.JPG,540,960,270.51357699383516,27.76272288188072,0.9608116149902344,0.05153902247548103,0.019672682508826256,0.9912118315696716,0.4085649251937866,1.3486733436584473,1.0,0.9591910243034363,1.0,0.7527992725372314,0.9912118315696716,1.9912117719650269
1338_UHD_LL.JPG,540,960,272.27971800311934,25.03625056479313,0.9073456525802612,0.08240807056427002,0.02555249072611332,1.1292991638183594,0.45189017057418823,1.3481180667877197,0.9999997019767761,0.7754777669906616,1.0,0.8401681780815125,1.1292989253997803,2.129298448562622
1354_UHD_LL.JPG,540,960,274.57647299888777,25.819864980954993,0.9235982298851013,0.13898064196109772,0.05717552453279495,1.0499523878097534,0.6107837557792664,1.348869800567627,1.0,0.9609312415122986,1.0,0.7854076623916626,1.0499523878097534,2.049952268600464
1357_UHD_LL.JPG,540,960,271.3106350056478,34.60940467308455,0.9695101380348206,0.02533252164721489,0.009651802480220795,0.7608944773674011,0.18549835681915283,1.3412936925888062,1.0,0.9631536602973938,1.0,0.6166959404945374,0.7608944177627563,1.7608942985534668
1365_UHD_LL.JPG,540,960,271.55117099755444,13.597420286800872,0.8365541100502014,0.17290976643562317,0.11439645290374756,1.1021368503570557,0.4189329743385315,1.3493863344192505,0.9999999403953552,0.9392364621162415,1.0,0.8200333714485168,1.1021368503570557,2.1021363735198975
1378_UHD_LL.JPG,540,960,271.57101099874126,26.394153131376665,0.9609178900718689,0.035186704248189926,0.0121857775375247,0.8998461365699768,0.27410516142845154,1.34650719165802,0.9999999403953552,0.9415766596794128,1.0,0.6997114419937134,0.899846076965332,1.8998459577560425
1388_UHD_LL.JPG,540,960,272.91960299771745,28.500414183179533,0.924453616142273,0.08861789107322693,0.02729894407093525,1.0682274103164673,0.4635612368583679,1.3405323028564453,0.9999997615814209,0.8506066799163818,1.0,0.7960224151611328,1.0682272911071777,2.0682268142700195
1400_UHD_LL.JPG,540,960,270.582404002198,25.52789406450886,0.9433008432388306,0.058730822056531906,0.022788910195231438,1.051871657371521,0.4487878382205963,1.3484153747558594,0.9999999403953552,0.9153253436088562,1.0,0.7818775177001953,1.0518715381622314,2.0518715381622314
1417_UHD_LL.JPG,540,960,271.0348549953778,26.606520733336893,0.9202679991722107,0.09008920937776566,0.029663406312465668,1.0464727878570557,0.5771397352218628,1.3489001989364624,0.9999999403953552,0.9486221671104431,1.0,0.7776089906692505,1.0464726686477661,2.0464725494384766
142_UHD_LL.JPG,540,960,271.53997399727814,34.93482013783972,0.9670820236206055,0.035310160368680954,0.008375800214707851,0.8972529172897339,0.4457857012748718,1.3402260541915894,0.9999999403953552,0.9218927025794983,1.0,0.6960873603820801,0.8972527384757996,1.8972527980804443
1446_UHD_LL.JPG,540,960,273.6031059976085,9.918806424293914,0.6798759698867798,0.2119879424571991,0.13278256356716156,1.1507344245910645,0.7726852297782898,1.3435429334640503,0.9999998211860657,0.9351007342338562,1.0,0.8541462421417236,1.1507344245910645,2.1507339477539062
1453_UHD_LL.JPG,540,960,269.5552930017584,22.670092248590414,0.9415647387504578,0.04460270330309868,0.017691725865006447,1.0349814891815186,0.06377286463975906,1.3449034690856934,0.9999998211860657,0.8474400043487549,1.0,0.7919175624847412,1.0349812507629395,2.0349810123443604
1464_UHD_LL.JPG,540,960,271.4744580007391,22.31092325920226,0.8167213201522827,0.05265779420733452,0.03189633786678314,1.1181765794754028,0.8640628457069397,1.3480613231658936,0.9999995827674866,0.7087178826332092,1.0,0.8302472829818726,1.1181761026382446,2.1181745529174805
1475_UHD_LL.JPG,540,960,270.64277500176104,24.303792187444408,0.9243342280387878,0.09895948320627213,0.04208328202366829,1.1303375959396362,0.08923377841711044,1.3487943410873413,0.9999998211860657,0.8693664073944092,1.0,0.8426251411437988,1.1303373575210571,2.1303365230560303
1513_UHD_LL.JPG,540,960,271.2595919947489,22.479057605986995,0.8851006031036377,0.18040858209133148,0.07957905530929565,1.131852388381958,0.12101229280233383,1.3479230403900146,0.9999998211860657,0.9007503390312195,1.0,0.8422221541404724,1.131852388381958,2.1318516731262207
152_UHD_LL.JPG,540,960,270.9796909985016,32.41460185352257,0.9528549313545227,0.06485690176486969,0.015392959117889404,1.0604074001312256,0.6624746918678284,1.3462021350860596,0.9999998211860657,0.8961966037750244,1.0,0.790492594242096,1.060407280921936,2.0604069232940674
1539_UHD_LL.JPG,540,960,273.4343499978422,27.02587199884178,0.9400655627250671,0.02267628349363804,0.018479816615581512,0.928684651851654,0.010594341903924942,1.34809410572052,0.9999991655349731,0.40068283677101135,1.0,0.7170482277870178,0.9286839962005615,1.9286837577819824
1558_UHD_LL.JPG,540,960,269.2270109982928,26.017000925593884,0.9290592670440674,0.024292537942528725,0.012868642807006836,1.0147573947906494,0.011759881861507893,1.348862648010254,0.9999991059303284,0.36677849292755127,1.0,0.7773194313049316,1.014756679534912,2.014756202697754
1583_UHD_LL.JPG,540,960,271.84087299974635,25.67123156085623,0.9055585861206055,0.04308411478996277,0.02017091028392315,1.101805567741394,0.019926944747567177,1.3492006063461304,0.9999991059303284,0.36185991764068604,1.0,0.833503246307373,1.1018047332763672,2.10180401802063
1594_UHD_LL.JPG,540,960,273.5404320046655,14.449896921416144,0.8421140909194946,0.16989929974079132,0.0786231979727745,1.0832724571228027,0.7189687490463257,1.3489261865615845,0.9999997019767761,0.7314877510070801,1.0,0.8028284311294556,1.083272099494934,2.0832715034484863
1606_UHD_LL.JPG,540,960,273.46799799852306,20.691338504709506,0.8469305634498596,0.07524533569812775,0.03937142342329025,1.169798731803894,0.03948774188756943,1.3495335578918457,0.9999991059303284,0.3656620979309082,1.0,0.8745316863059998,1.1697977781295776,2.1697967052459717
161_UHD_LL.JPG,540,960,269.1623970022192,27.170073252281412,0.9444876909255981,0.07677815109491348,0.021603820845484734,1.0827268362045288,0.7349027395248413,1.3465015888214111,0.9999998211860657,0.8980541825294495,1.0,0.8047733306884766,1.0827265977859497,2.08272647857666
1628_UHD_LL.JPG,540,960,271.5234249990317,34.45882862049174,0.9626511931419373,0.036835528910160065,0.013099848292768002,0.7922027707099915,0.09255476295948029,1.3495261669158936,0.9999990463256836,0.2928127348423004,1.0,0.6461221575737,0.792201578617096,1.7922008037567139
1637_UHD_LL.JPG,540,960,269.7966869964148,34.85035202395212,0.9724950194358826,0.019079795107245445,0.013895884156227112,1.0138278007507324,0.7256307601928711,1.3394314050674438,0.9999999403953552,0.9283860921859741,1.0,0.7532039880752563,1.0138276815414429,2.0138275623321533
1649_UHD_LL.JPG,540,960,269.7711660002824,30.184507848310037,0.9469214677810669,0.05655227601528168,0.0156406182795763,1.0220357179641724,0.1345938742160797,1.3498088121414185,0.9999990463256836,0.3006449341773987,1.0,0.7742028832435608,1.0220344066619873,2.0220327377319336
164_UHD_LL.JPG,540,960,271.1504039980355,29.706217513478702,0.972000002861023,0.027873443439602852,0.009390910156071186,1.0211039781570435,0.7374457120895386,1.3489961624145508,0.9999998211860657,0.9030577540397644,1.0,0.7617226243019104,1.0211039781570435,2.021103620529175
1662_UHD_LL.JPG,540,960,269.09381199948257,16.598356668251327,0.9341157674789429,0.11309760063886642,0.0643693134188652,0.9710807800292969,0.3899807035923004,1.349078893661499,1.0,0.9568350315093994,1.0,0.7318066358566284,0.9710807204246521,1.9710805416107178
1663_UHD_LL.JPG,540,960,269.6330199978547,20.043863390744534,0.9254441261291504,0.1055343747138977,0.04583035409450531,1.0365811586380005,0.654341459274292,1.3340063095092773,0.9999999403953552,0.9474266171455383,1.0,0.7692605257034302,1.0365811586380005,2.036581039428711
1671_UHD_LL.JPG,540,960,269.75877799850423,29.250289873564416,0.9032707810401917,0.1524076610803604,0.061965297907590866,1.0112231969833374,0.20825280249118805,1.3495473861694336,0.9999990463256836,0.30780166387557983,1.0,0.764854371547699,1.011222004890442,2.011221170425415
1678_UHD_LL.JPG,540,960,270.0147849973291,25.058951883606987,0.9623188376426697,0.03193134069442749,0.013714532367885113,0.7370556592941284,0.30050310492515564,1.3487098217010498,1.0,0.9788690209388733,1.0,0.5951763987541199,0.7370555996894836,1.7370553016662598
1682_UHD_LL.JPG,540,960,271.48623100219993,31.110071606705574,0.9522221684455872,0.14821413159370422,0.08318404853343964,1.0459154844284058,0.6017239689826965,1.3159477710723877,0.9999998211860657,0.9031802415847778,1.0,0.7765786647796631,1.0459153652191162,2.045914888381958
1686_UHD_LL.JPG,540,960,268.7358580005821,31.23134479077804,0.9608897566795349,0.12297742068767548,0.06160314753651619,1.0103679895401,0.5396949052810669,1.3353278636932373,0.9999998211860657,0.9170244932174683,1.0,0.7514060735702515,1.0103679895401,2.0103678703308105
1694_UHD_LL.JPG,540,960,269.6383400034392,27.760070256807232,0.8894572854042053,0.16794733703136444,0.06305235624313354,1.0467344522476196,0.29825857281684875,1.349469780921936,0.9999990463256836,0.3143458962440491,1.0,0.7846714854240417,1.0467332601547241,2.0467326641082764
1701_UHD_LL.JPG,540,960,268.6025789953419,23.190777992233404,0.9524139761924744,0.06491145491600037,0.024516787379980087,1.0226399898529053,0.6174222826957703,1.349783182144165,0.9999999403953552,0.9439608454704285,1.0,0.7720624208450317,1.0226399898529053,2.022639036178589
170_UHD_LL.JPG,540,960,270.42404099483974,16.2618394172757,0.7770769596099854,0.24118883907794952,0.14667174220085144,1.1271499395370483,0.6536313891410828,1.313082218170166,0.9999998211860657,0.8608438968658447,1.0,0.8364728093147278,1.1271495819091797,2.1271493434906006
1718_UHD_LL.JPG,540,960,269.07731800019974,29.29708732482405,0.9593889713287354,0.035164762288331985,0.016309672966599464,0.8918606638908386,0.061798904091119766,1.3292701244354248,0.9999999403953552,0.9195425510406494,1.0,0.7150426506996155,0.8918606638908386,1.8918604850769043
1725_UHD_LL.JPG,540,960,268.7652230015374,26.691464490457815,0.944487988948822,0.10811085253953934,0.03705715388059616,0.999203622341156,0.6467078328132629,1.3496867418289185,1.0,0.9625818133354187,1.0,0.758469820022583,0.999203622341156,1.9992027282714844
172_UHD_LL.JPG,540,960,270.0721870060079,28.98493678754832,0.9437445998191833,0.08465582877397537,0.02367207407951355,1.0738389492034912,0.7478073239326477,1.3461954593658447,0.9999998211860657,0.9038139581680298,1.0,0.7979283332824707,1.073838710784912,2.073838472366333
1756_UHD_LL.JPG,540,960,267.0250820010551,19.78221122797067,0.933378279209137,0.07551003247499466,0.0290323905646801,1.0499510765075684,0.1310642659664154,1.3371813297271729,0.9999998211860657,0.885252833366394,1.0,0.801002025604248,1.0499510765075684,2.0499508380889893
175_UHD_LL.JPG,540,960,268.944586001453,32.07968807620217,0.9592159986495972,0.045075953006744385,0.0174570269882679,0.997589111328125,0.7594152092933655,1.3485348224639893,0.9999998211860657,0.92557692527771,1.0,0.7466702461242676,0.9975890517234802,1.9975887537002563
1768_UHD_LL.JPG,540,960,267.49954700062517,20.56583953173977,0.8885080814361572,0.08266246318817139,0.035818397998809814,1.0779017210006714,0.469259113073349,1.349632740020752,0.9999995231628418,0.6352089643478394,1.0,0.8128159642219543,1.0779012441635132,2.0779001712799072
1778_UHD_LL.JPG,540,960,268.8802319971728,21.31009716399952,0.9069387912750244,0.1294310986995697,0.05391078442335129,1.1168162822723389,0.23523835837841034,1.3460310697555542,0.9999998211860657,0.9069433212280273,1.0,0.8338887691497803,1.1168162822723389,2.1168158054351807
1785_UHD_LL.JPG,540,960,268.40844199614367,18.910220108739043,0.901944100856781,0.19503164291381836,0.08460111171007156,1.0217223167419434,0.6803481578826904,1.3489644527435303,1.0,0.9644331932067871,1.0,0.7717534303665161,1.0217223167419434,2.0217220783233643
1791_UHD_LL.JPG,540,960,267.2696720037493,16.95380590606147,0.8042078018188477,0.15916696190834045,0.0682198628783226,1.1677544116973877,0.3569505512714386,1.3447701930999756,0.9999998211860657,0.8983232378959656,1.0,0.8670070171356201,1.1677542924880981,2.1677539348602295
1792_UHD_LL.JPG,540,960,268.89677200233564,15.264695162799528,0.8123453855514526,0.16365934908390045,0.14533045887947083,1.1444262266159058,0.44084805250167847,1.3447027206420898,0.9999997615814209,0.8533415198326111,1.0,0.848379373550415,1.1444259881973267,2.144425392150879
17_UHD_LL.JPG,540,960,269.3593470030464,28.928676240019442,0.9470431208610535,0.060248494148254395,0.01788022182881832,1.047571063041687,0.5725483894348145,1.3498095273971558,0.9999999403953552,0.9364835023880005,1.0,0.7834591865539551,1.0475709438323975,2.047569751739502
1801_UHD_LL.JPG,540,960,268.5599180040299,20.27205751930562,0.8789002895355225,0.19074764847755432,0.07661795616149902,1.122322678565979,0.2650362253189087,1.3423616886138916,0.9999998211860657,0.9191657304763794,1.0,0.8367304801940918,1.1223225593566895,2.1223223209381104
1808_UHD_LL.JPG,540,960,266.4634509928874,25.176353126340704,0.9083907008171082,0.23300936818122864,0.08305607736110687,1.030043125152588,0.7131674885749817,1.3476465940475464,1.0,0.9645789265632629,1.0,0.775225818157196,1.030043125152588,2.0300426483154297
1838_UHD_LL.JPG,540,960,268.19862599950284,11.68159235518559,0.7145492434501648,0.39324063062667847,0.2411229908466339,1.165920615196228,0.9028406739234924,1.3340377807617188,0.9999997019767761,0.7894677519798279,1.0,0.863661527633667,1.1659202575683594,2.1659200191497803
1917_UHD_LL.JPG,540,960,268.32302899856586,22.285755127561785,0.9715318083763123,0.03793787956237793,0.023184914141893387,0.7994831204414368,0.15612955391407013,1.3483386039733887,0.9999999403953552,0.9368364810943604,1.0,0.6413621306419373,0.7994830012321472,1.799483060836792
199_UHD_LL.JPG,540,960,268.4996800016961,27.26487925104417,0.9215957522392273,0.03965567797422409,0.014575371518731117,0.9008894562721252,0.37380558252334595,1.2966927289962769,0.9999999403953552,0.9450100064277649,1.0,0.7068981528282166,0.9008892774581909,1.900889277458191
1_UHD_LL.JPG,540,960,266.1784890005947,37.14026830446564,0.9574501514434814,0.03947034850716591,0.010605323128402233,0.9804737567901611,0.43579500913619995,1.3497328758239746,0.9999999403953552,0.9374241828918457,1.0,0.7469857931137085,0.9804737567901611,1.9804729223251343
200_UHD_LL.JPG,540,960,268.8108169968473,29.54879685094063,0.9222460985183716,0.038777317851781845,0.017589112743735313,1.050632357597351,0.594727635383606,1.3456026315689087,0.9999997019767761,0.7792360782623291,1.0,0.7809194326400757,1.050632119178772,2.0506319999694824
2017_UHD_LL.JPG,540,960,267.54829400306335,17.000042565013633,0.9175666570663452,0.08601141721010208,0.05564386025071144,0.7279932498931885,0.28256842494010925,1.34395432472229,0.9999993443489075,0.5470859408378601,1.0,0.5848188996315002,0.7279925346374512,1.7279924154281616
2025_UHD_LL.JPG,540,960,267.9745580026065,23.828599396611324,0.9640470743179321,0.03294162452220917,0.017145127058029175,0.6791906356811523,0.23304098844528198,1.3414688110351562,0.9999993443489075,0.5500432252883911,1.0,0.5441235303878784,0.6791898012161255,1.6791898012161255
2034_UHD_LL.JPG,540,960,268.06434199534124,13.461954435483175,0.8214702010154724,0.17322993278503418,0.10950464755296707,1.011389970779419,0.5845192670822144,1.3497687578201294,0.9999991655349731,0.3899129629135132,1.0,0.7697892785072327,1.0113890171051025,2.0113883018493652
2042_UHD_LL.JPG,540,960,266.846603997692,33.57703430574817,0.9457339644432068,0.036223459988832474,0.014351679012179375,1.1105221509933472,0.10464990139007568,1.3241794109344482,0.9999998211860657,0.8781957030296326,1.0,0.8314182758331299,1.110521912574768,2.1105215549468994
2045_UHD_LL.JPG,540,960,266.42865799658466,21.99095756461753,0.9665439128875732,0.044137872755527496,0.02650631219148636,1.0145503282546997,0.2799927294254303,1.34926438331604,0.9999999403953552,0.9141223430633545,1.0,0.7555298805236816,1.0145503282546997,2.014549970626831
204_UHD_LL.JPG,540,960,267.0757589949062,28.417510973204955,0.9593504667282104,0.04278400540351868,0.022333072498440742,0.8531386852264404,0.35699716210365295,1.2484554052352905,0.9999991655349731,0.43094488978385925,1.0,0.7243605852127075,0.8531378507614136,1.853137493133545
2068_UHD_LL.JPG,540,960,266.99572399957106,13.188236471453212,0.7955588698387146,0.26772794127464294,0.14537091553211212,1.041077971458435,0.7031458020210266,1.3484750986099243,0.9999991655349731,0.34836792945861816,1.0,0.7835907340049744,1.041076898574829,2.041076421737671
2142_UHD_LL.JPG,540,960,267.84362100443104,31.30393154410256,0.9349831342697144,0.05683702230453491,0.02473253384232521,1.1213778257369995,0.1381775289773941,1.3208191394805908,0.9999998211860657,0.8934210538864136,1.0,0.8382161855697632,1.1213775873184204,2.1213767528533936
2145_UHD_LL.JPG,540,960,266.22226199833676,27.765758554403273,0.9636589884757996,0.045491114258766174,0.02294072136282921,0.9765292406082153,0.4115438461303711,1.3489598035812378,0.9999999403953552,0.9494532942771912,1.0,0.7319384217262268,0.9765291213989258,1.9765288829803467
223_UHD_LL.JPG,540,960,267.40856700052973,17.33209858084689,0.8507725596427917,0.0789325088262558,0.04271210730075836,0.9544876217842102,0.21069484949111938,1.3444477319717407,0.9999991655349731,0.365975946187973,1.0,0.71879643201828,0.9544864892959595,1.9544862508773804
230_UHD_LL.JPG,540,960,267.6588059985079,20.3846676068623,0.8731157779693604,0.09436917304992676,0.036078739911317825,1.1146965026855469,0.5049667358398438,1.3432674407958984,0.9999998211860657,0.9000134468078613,1.0,0.8302208781242371,1.1146963834762573,2.1146962642669678
231_UHD_LL.JPG,540,960,265.7306570035871,16.824127582844195,0.83701092004776,0.09503335505723953,0.04957600682973862,0.9574971795082092,0.17712874710559845,1.3466525077819824,0.9999991655349731,0.36869725584983826,1.0,0.7185749411582947,0.957496166229248,1.957495927810669
240_UHD_LL.JPG,540,960,267.269251999096,25.49591205374628,0.9087917804718018,0.06986238062381744,0.019480770453810692,0.8204308748245239,0.09049463272094727,1.333054780960083,0.9999991655349731,0.4298315644264221,1.0,0.6295636892318726,0.8204299211502075,1.820429801940918
247_UHD_LL.JPG,540,960,265.9306560017285,20.094890957842352,0.887213408946991,0.07846665382385254,0.036216553300619125,0.8963905572891235,0.1414116770029068,1.340769648551941,0.9999991655349731,0.402966171503067,1.0,0.6753644347190857,0.8963895440101624,1.8963894844055176
272_UHD_LL.JPG,540,960,265.41462400200544,36.2263684392839,0.9801837205886841,0.027347709983587265,0.010139289312064648,0.7425616979598999,0.17708340287208557,1.3356322050094604,0.9999999403953552,0.9243645071983337,1.0,0.6092796325683594,0.7425615787506104,1.7425615787506104
278_UHD_LL.JPG,540,960,266.0657849992276,29.898918537393612,0.9771912097930908,0.03514551743865013,0.015430226922035217,1.0241713523864746,0.46748051047325134,1.3462152481079102,0.9999998211860657,0.884284257888794,1.0,0.7609061598777771,1.0241711139678955,2.0241711139678955
286_UHD_LL.JPG,540,960,266.68293200054904,31.403184307378382,0.9686699509620667,0.04085776209831238,0.01728333905339241,0.9845461845397949,0.5206426978111267,1.3459988832473755,0.9999998211860657,0.9231089949607849,1.0,0.7365777492523193,0.9845460653305054,1.9845458269119263
288_UHD_LL.JPG,540,960,267.4389610037906,29.432226917462234,0.9193975329399109,0.08762038499116898,0.03149612993001938,1.04649019241333,0.7005135416984558,1.3422760963439941,0.9999997019767761,0.758893609046936,1.0,0.7771316170692444,1.0464897155761719,2.0464894771575928
28_UHD_LL.JPG,540,960,264.99065999814775,16.40615844933282,0.9255446791648865,0.06524413079023361,0.04530467838048935,0.8740190863609314,0.08977318555116653,1.3402025699615479,0.9999999403953552,0.9486021995544434,1.0,0.6854428648948669,0.8740190863609314,1.874018907546997
292_UHD_LL.JPG,540,960,266.41295599984005,20.47815142335994,0.92531818151474,0.07177667319774628,0.042356543242931366,1.1562517881393433,0.7110024094581604,1.3058756589889526,0.9999991655349731,0.35134702920913696,1.0,0.8589094281196594,1.1562507152557373,2.156250238418579
29_UHD_LL.JPG,540,960,265.53611600684235,31.827584971443063,0.9402587413787842,0.07396544516086578,0.02548755705356598,1.017781138420105,0.5806570053100586,1.349868893623352,0.9999999403953552,0.9510775804519653,1.0,0.7658136487007141,1.0177810192108154,2.017780065536499
306_UHD_LL.JPG,540,960,265.4047160031041,29.446092826961916,0.9543328881263733,0.06767209619283676,0.037123341113328934,1.0274641513824463,0.6327347755432129,1.3473848104476929,0.9999998211860657,0.9044529795646667,1.0,0.7628495097160339,1.0274640321731567,2.027463912963867
345_UHD_LL.JPG,540,960,265.7758119967184,27.490061846466848,0.952808141708374,0.028163813054561615,0.01176989171653986,0.6832111477851868,0.2279169261455536,1.3319613933563232,0.9999999403953552,0.9415702223777771,1.0,0.5651088953018188,0.683211088180542,1.6832112073898315
353_UHD_LL.JPG,540,960,265.5269090028014,17.6171655418977,0.9269791841506958,0.12139824032783508,0.08278194814920425,0.9980862736701965,0.10648377984762192,1.3485037088394165,0.9999997615814209,0.8162656426429749,1.0,0.7510534524917603,0.9980860948562622,1.9980859756469727
371_UHD_LL.JPG,540,960,266.1662590035121,28.476304534117418,0.8959434628486633,0.10792423039674759,0.037873607128858566,1.0521734952926636,0.6604145169258118,1.3407527208328247,0.9999997019767761,0.7544005513191223,1.0,0.7812220454216003,1.052173137664795,2.052173137664795
375_UHD_LL.JPG,540,960,264.71020600001793,19.22474356944386,0.8793957233428955,0.1263185292482376,0.09878461807966232,1.1593388319015503,0.7447075843811035,1.306607723236084,0.9999991655349731,0.3644882142543793,1.0,0.8612379431724548,1.1593377590179443,2.159337282180786
385_UHD_LL.JPG,540,960,265.42260000132956,32.178088647093745,0.9681175947189331,0.018818538635969162,0.007843783125281334,0.7835255861282349,0.44714322686195374,1.3176214694976807,0.9999999403953552,0.9523483514785767,1.0,0.633054256439209,0.7835255861282349,1.7835255861282349
389_UHD_LL.JPG,540,960,266.940743997111,28.61604065878121,0.9563114047050476,0.030257437378168106,0.01113368384540081,0.9686734676361084,0.602983832359314,1.3325608968734741,0.9999999403953552,0.9309946298599243,1.0,0.7280812859535217,0.9686734676361084,1.9686733484268188
394_UHD_LL.JPG,540,960,264.9591090012109,31.043064836289762,0.9439293742179871,0.04969348758459091,0.017169350758194923,1.043937087059021,0.7808941602706909,1.3421030044555664,0.9999999403953552,0.9276592135429382,1.0,0.773798942565918,1.043937087059021,2.0439372062683105
399_UHD_LL.JPG,540,960,265.33202800055733,26.16851384022955,0.8980926871299744,0.12039297819137573,0.054849181324243546,1.054977536201477,0.8343158960342407,1.34475839138031,0.9999998211860657,0.9310154318809509,1.0,0.7819095849990845,1.054977536201477,2.0549774169921875
40_UHD_LL.JPG,540,960,266.7575930026942,27.803765824628073,0.9293844103813171,0.1071937158703804,0.052028365433216095,0.9882537722587585,0.585317850112915,1.3498470783233643,1.0,0.9590713977813721,1.0,0.7508743405342102,0.9882537722587585,1.9882529973983765
425_UHD_LL.JPG,540,960,264.9053269997239,17.714217227598365,0.7999991774559021,0.08441150933504105,0.05228231102228165,1.1348408460617065,0.060880642384290695,1.3497021198272705,0.9999990463256836,0.3168938159942627,1.0,0.8582501411437988,1.134839653968811,2.134838342666626
434_UHD_LL.JPG,540,960,266.5108869987307,24.695475568485847,0.9520414471626282,0.022040702402591705,0.013672294095158577,0.8172737956047058,0.23581694066524506,1.3457541465759277,0.9999999403953552,0.9079203009605408,1.0,0.6452149152755737,0.8172736763954163,1.817273497581482
441_UHD_LL.JPG,540,960,265.88183099374874,14.692907064166556,0.7082149982452393,0.1997048556804657,0.1680525541305542,1.225954532623291,0.9665025472640991,1.3243224620819092,0.9999990463256836,0.32298365235328674,1.0,0.9084051847457886,1.2259533405303955,2.225952386856079
442_UHD_LL.JPG,540,960,264.9646310019307,28.207934649633625,0.975199818611145,0.028837209567427635,0.010529858060181141,0.9454982280731201,0.060212403535842896,1.3283697366714478,0.9999999403953552,0.9395601153373718,1.0,0.7221887111663818,0.9454981684684753,1.9454981088638306
453_UHD_LL.JPG,540,960,266.57144199998584,32.08788738205617,0.9633285999298096,0.017342280596494675,0.006996150594204664,0.9187750220298767,0.3033964931964874,1.3466887474060059,0.9999998211860657,0.8834253549575806,1.0,0.7094073295593262,0.9187748432159424,1.9187747240066528
457_UHD_LL.JPG,540,960,264.81663200684125,30.164589311099128,0.9480696320533752,0.03441470488905907,0.013694742694497108,1.0826107263565063,0.5040090084075928,1.3495060205459595,0.9999997615814209,0.8008140921592712,1.0,0.8090502023696899,1.0826104879379272,2.0826103687286377
462_UHD_LL.JPG,540,960,265.1037629984785,28.388895446037775,0.9257565140724182,0.07059059292078018,0.031402718275785446,1.0931684970855713,0.6419353485107422,1.3490391969680786,0.9999997019767761,0.7852170467376709,1.0,0.8152384757995605,1.093168020248413,2.093167543411255
47_UHD_LL.JPG,540,960,266.40585599670885,27.82057565828683,0.9264674782752991,0.10845839232206345,0.05078451707959175,0.9887819886207581,0.581477165222168,1.3497260808944702,1.0,0.9599494934082031,1.0,0.7512254118919373,0.9887819290161133,1.988781213760376
499_UHD_LL.JPG,540,960,265.0701430029585,27.79842739649272,0.9686654210090637,0.03706527128815651,0.012896225787699223,1.0606918334960938,0.06424843519926071,1.3399581909179688,0.9999999403953552,0.9116911292076111,1.0,0.7911107540130615,1.0606917142868042,2.0606915950775146
507_UHD_LL.JPG,540,960,264.8072759984643,19.137286724426694,0.8856128454208374,0.1664845049381256,0.08639369904994965,1.275638461112976,0.943872332572937,1.3323718309402466,0.9999990463256836,0.32246437668800354,1.0,0.9449183940887451,1.2756373882293701,2.275631904602051
545_UHD_LL.JPG,540,960,256.4196580060525,25.498138532600375,0.9476339221000671,0.0802503228187561,0.037708647549152374,1.0822292566299438,0.08537889271974564,1.3450970649719238,0.9999999403953552,0.9364152550697327,1.0,0.8037840723991394,1.0822292566299438,2.0822291374206543
54_UHD_LL.JPG,540,960,264.3765900065773,27.888133473494783,0.9243291616439819,0.10832004249095917,0.049845170229673386,0.9896642565727234,0.5950202345848083,1.3495748043060303,1.0,0.9590644836425781,1.0,0.7515808939933777,0.9896641969680786,1.9896637201309204
584_UHD_LL.JPG,540,960,264.39997099805623,28.462273157101365,0.9452382922172546,0.11615331470966339,0.056678563356399536,1.1033047437667847,0.0892004668712616,1.3458048105239868,0.9999998211860657,0.9400879740715027,1.0,0.8183676600456238,1.1033047437667847,2.103304386138916
60_UHD_LL.JPG,540,960,266.12596900667995,28.306378660859735,0.9775094985961914,0.03328010067343712,0.010256076231598854,0.9633923172950745,0.15935586392879486,1.3468488454818726,0.9999995827674866,0.7054256200790405,1.0,0.7399536967277527,0.9633918404579163,1.9633915424346924
627_UHD_LL.JPG,540,960,264.2161030016723,22.93532232254597,0.8963464498519897,0.04135284572839737,0.021742193028330803,1.1875247955322266,0.6989385485649109,1.2926143407821655,0.9999997019767761,0.795374870300293,1.0,0.882783830165863,1.187524437904358,2.18752384185791
63_UHD_LL.JPG,540,960,265.48059299966553,19.145712863606818,0.9333791732788086,0.06718478351831436,0.03521823137998581,1.0010956525802612,0.273747980594635,1.3479387760162354,1.0,0.9547456502914429,1.0,0.7508364915847778,1.0010955333709717,2.0010952949523926
649_UHD_LL.JPG,540,960,265.67174999945564,23.074322118503407,0.9352713227272034,0.039377354085445404,0.019190296530723572,0.9862564206123352,0.2442844808101654,1.3475948572158813,0.9999999403953552,0.9207176566123962,1.0,0.7545551657676697,0.9862564206123352,1.9862561225891113
674_UHD_LL.JPG,540,960,264.194231996953,22.335550357054057,0.9304855465888977,0.04364690184593201,0.02205660194158554,1.0155673027038574,0.2870014011859894,1.3492693901062012,0.9999999403953552,0.9141550064086914,1.0,0.7733612060546875,1.0155671834945679,2.015566825866699
677_UHD_LL.JPG,540,960,265.55907299916726,29.84058003481684,0.9516381025314331,0.026786653324961662,0.009959663264453411,1.1526024341583252,0.6164525151252747,1.3374693393707275,0.9999998211860657,0.8631404042243958,1.0,0.8568750023841858,1.152602195739746,2.152601957321167
685_UHD_LL.JPG,540,960,264.4137370007229,33.82926931646673,0.9727086424827576,0.022744303569197655,0.009521222673356533,0.7812151312828064,0.18715526163578033,1.3314570188522339,0.9999998211860657,0.8428900837898254,1.0,0.6328919529914856,0.7812149524688721,1.781214952468872
690_UHD_LL.JPG,540,960,264.388441995834,20.830588081593156,0.8867340087890625,0.10655966401100159,0.06070638447999954,1.1249336004257202,0.5311048626899719,1.3496049642562866,0.9999998211860657,0.925832986831665,1.0,0.8409092426300049,1.1249334812164307,2.1249327659606934
692_UHD_LL.JPG,540,960,264.5334390035714,22.43618499097736,0.866666853427887,0.06841139495372772,0.032361529767513275,1.1098426580429077,0.5146942734718323,1.34835684299469,0.9999998211860657,0.8962005972862244,1.0,0.830768346786499,1.1098424196243286,2.1098415851593018
697_UHD_LL.JPG,540,960,265.6809969994356,25.08411557108129,0.9213106036186218,0.04767899960279465,0.031245600432157516,1.0801138877868652,0.09163402020931244,1.344083547592163,0.9999995827674866,0.6917567849159241,1.0,0.8069257140159607,1.0801132917404175,2.080113172531128
704_UHD_LL.JPG,540,960,264.23594699735986,33.72687628685151,0.9696722030639648,0.02420186437666416,0.00826238002628088,0.9924464821815491,0.3517478406429291,1.3457130193710327,0.9999997019767761,0.7400124669075012,1.0,0.7545421123504639,0.9924461245536804,1.992445945739746
708_UHD_LL.JPG,540,960,263.83485500264214,19.17473568898307,0.8267964720726013,0.20532353222370148,0.1178518682718277,1.1374601125717163,0.5989121794700623,1.348384141921997,0.9999998211860657,0.9324838519096375,1.0,0.8488763570785522,1.1374601125717163,2.1374597549438477
70_UHD_LL.JPG,540,960,264.9011980029172,27.098538489164874,0.9684868454933167,0.057655055075883865,0.023643476888537407,1.091322660446167,0.2929915189743042,1.3490201234817505,0.999999463558197,0.5934463739395142,1.0,0.8179348707199097,1.0913220643997192,2.0913217067718506
720_UHD_LL.JPG,540,960,265.0495980051346,29.547426337042793,0.9560688138008118,0.05028148740530014,0.019750818610191345,1.055154800415039,0.5492286682128906,1.3491226434707642,0.9999997019767761,0.7910737991333008,1.0,0.7869448661804199,1.0551544427871704,2.0551540851593018
727_UHD_LL.JPG,540,960,256.5529370040167,27.59102507935433,0.9319905042648315,0.12234436720609665,0.03190474957227707,1.0070775747299194,0.07753331959247589,1.3479288816452026,0.9999997019767761,0.7829031348228455,1.0,0.7617313265800476,1.0070772171020508,2.0070769786834717
741_UHD_LL.JPG,540,960,264.03181899513584,21.329332546139895,0.8833231925964355,0.23491157591342926,0.1290944367647171,1.096710443496704,0.671512246131897,1.3460627794265747,0.9999998211860657,0.8577873706817627,1.0,0.8127718567848206,1.096710205078125,2.096709966659546
752_UHD_LL.JPG,540,960,265.442627001903,27.584612577237955,0.9489899277687073,0.03488039970397949,0.016239754855632782,0.8036496639251709,0.24282105267047882,1.34674072265625,0.9999999403953552,0.907493531703949,1.0,0.6418917775154114,0.8036495447158813,1.8036494255065918
769_UHD_LL.JPG,540,960,264.0398580042529,23.97905660159365,0.9410099983215332,0.04510966315865517,0.022829914465546608,0.8781356811523438,0.2851172983646393,1.3387155532836914,0.9999998211860657,0.8925238847732544,1.0,0.6882900595664978,0.878135621547699,1.878135323524475
771_UHD_LL.JPG,540,960,263.58507899567485,25.204474922722934,0.9709808826446533,0.09423384070396423,0.03197915852069855,0.8357061743736267,0.5433865785598755,1.318424940109253,0.9999999403953552,0.9356419444084167,1.0,0.6617550253868103,0.8357061743736267,1.8357059955596924
788_UHD_LL.JPG,540,960,264.05696399888257,26.998287599097534,0.9561432003974915,0.053027767688035965,0.029304545372724533,0.7808948755264282,0.19598166644573212,1.3465476036071777,0.9999998211860657,0.8957118988037109,1.0,0.6221799254417419,0.7808947563171387,1.7808947563171387
7_UHD_LL.JPG,540,960,263.2751229975838,31.101863799906333,0.9531296491622925,0.0477231964468956,0.015575038269162178,1.0319461822509766,0.512772798538208,1.3497792482376099,0.9999999403953552,0.9313360452651978,1.0,0.7757411003112793,1.0319461822509766,2.03194522857666
810_UHD_LL.JPG,540,960,264.3567190025351,12.819880122293316,0.8645353317260742,0.10728491097688675,0.07231120020151138,1.002568006515503,0.5870318412780762,1.340405821800232,0.9999998211860657,0.8970370888710022,1.0,0.7539318799972534,1.0025678873062134,2.002567768096924
869_UHD_LL.JPG,540,960,264.1631660007988,29.59013952140348,0.9680663347244263,0.026262875646352768,0.013993104919791222,0.7450509667396545,0.04957097768783569,1.348075270652771,0.9999999403953552,0.9336331486701965,1.0,0.6087793707847595,0.745050847530365,1.7450504302978516
874_UHD_LL.JPG,540,960,263.4027120002429,30.065587174317226,0.9443119764328003,0.035682570189237595,0.011428188532590866,1.0563478469848633,0.16879220306873322,1.3497358560562134,0.9999999403953552,0.9132350087165833,1.0,0.789829671382904,1.0563477277755737,2.056347131729126
879_UHD_LL.JPG,540,960,264.0580589941237,23.35916823730138,0.9474470019340515,0.05736377835273743,0.025175318121910095,0.9127960801124573,0.1106056421995163,1.336255669593811,1.0,0.9950162768363953,1.0,0.7034030556678772,0.9127960801124573,1.9127957820892334
890_UHD_LL.JPG,540,960,264.6092029972351,22.936531426250806,0.9543831944465637,0.038963593542575836,0.017955467104911804,0.9757735133171082,0.09604961425065994,1.3493279218673706,0.9999998211860657,0.8960124850273132,1.0,0.7425945401191711,0.9757733941078186,1.9757728576660156
895_UHD_LL.JPG,540,960,264.5303289973526,30.593256912112352,0.9547344446182251,0.03134922310709953,0.010029352270066738,1.0572528839111328,0.18445922434329987,1.3497707843780518,0.9999999403953552,0.9136009216308594,1.0,0.7904011011123657,1.0572527647018433,2.0572521686553955
8_UHD_LL.JPG,540,960,263.44093900115695,10.750927459113527,0.7727769613265991,0.31363943219184875,0.15813975036144257,1.0733768939971924,0.7227962017059326,1.2775208950042725,0.9999998211860657,0.8661273717880249,1.0,0.7964799404144287,1.0733767747879028,2.073376417160034
914_UHD_LL.JPG,540,960,265.1130860031117,22.672907085205733,0.9425472021102905,0.05893693491816521,0.028948238119482994,1.080851435661316,0.13796466588974,1.3496067523956299,0.9999998211860657,0.8767135143280029,1.0,0.8052355647087097,1.0808511972427368,2.080850124359131
920_UHD_LL.JPG,540,960,264.12620000337483,24.441263423513586,0.9147312045097351,0.07740161567926407,0.02871420420706272,1.0323431491851807,0.28045693039894104,1.3496441841125488,1.0,0.950314998626709,1.0,0.7756778001785278,1.0323431491851807,2.0323426723480225
945_UHD_LL.JPG,540,960,263.2377199988696,25.58542328488697,0.8471033573150635,0.18752850592136383,0.06051352247595787,1.1148278713226318,0.4561932682991028,1.3480266332626343,0.9999999403953552,0.9485529065132141,1.0,0.8267027139663696,1.1148277521133423,2.1148273944854736
94_UHD_LL.JPG,540,960,264.59327100019436,23.791006760993376,0.9194326996803284,0.08200742304325104,0.04415865242481232,1.1597723960876465,0.21239376068115234,1.3388653993606567,0.9999998211860657,0.8865091800689697,1.0,0.8618112206459045,1.1597721576690674,2.159770965576172
967_UHD_LL.JPG,540,960,264.49250500445487,17.956195467264195,0.8792492747306824,0.08895491808652878,0.04091187193989754,0.9761009812355042,0.45508503913879395,1.3192880153656006,0.9999998211860657,0.9082762598991394,1.0,0.7619896531105042,0.9761009216308594,1.9761008024215698
999_UHD_LL.JPG,540,960,264.00908699724823,16.935640656453703,0.9519065022468567,0.10109761357307434,0.07636085897684097,0.9290169477462769,0.6828227639198303,1.3362064361572266,0.9999999403953552,0.928931474685669,1.0,0.7039148807525635,0.9290168285369873,1.9290168285369873
