dataset,dataset_variant,file,ablation_variant,psnr,ssim,lpips,lpips_resize
LOL-v1,,1.png,full,21.789062289455245,0.8895057439804077,0.0955197736620903,0.06806357949972153
LOL-v1,,1.png,retinex_base_only,8.548465061582185,0.399232417345047,0.318202406167984,0.24740685522556305
LOL-v1,,1.png,without_residual_refinement,16.70800666957191,0.8073002696037292,0.11857233941555023,0.08456378430128098
LOL-v1,,1.png,without_tapetum_update,10.319766558150214,0.623559832572937,0.270892471075058,0.21218767762184143
LOL-v1,,1.png,without_attention_modulation,21.789062900102905,0.8895045518875122,0.09551919996738434,0.06806368380784988
LOL-v1,,1.png,without_spatial_amplification,10.322686974380076,0.6238924264907837,0.27080339193344116,0.21185944974422455
LOL-v1,,1.png,without_high_frequency_cue,21.78906961723289,0.8895057439804077,0.09551962465047836,0.06806322932243347
LOL-v1,,1.png,without_darkness_gate,23.290243613147062,0.8901610970497131,0.08894366770982742,0.062417931854724884
LOL-v1,,111.png,full,19.469716566009055,0.9114001989364624,0.09869326651096344,0.07517717033624649
LOL-v1,,111.png,retinex_base_only,7.302520130121626,0.4276820719242096,0.3069112002849579,0.2744073271751404
LOL-v1,,111.png,without_residual_refinement,14.704215012267595,0.8489234447479248,0.12177640199661255,0.09658832848072052
LOL-v1,,111.png,without_tapetum_update,9.014292164474703,0.6105102300643921,0.25759169459342957,0.23264038562774658
LOL-v1,,111.png,without_attention_modulation,19.469731601102794,0.9114001989364624,0.09869465231895447,0.07517673820257187
LOL-v1,,111.png,without_spatial_amplification,9.015093703609214,0.6105383634567261,0.25758445262908936,0.2325584590435028
LOL-v1,,111.png,without_high_frequency_cue,19.469717997920505,0.9114001989364624,0.09869346022605896,0.07517731189727783
LOL-v1,,111.png,without_darkness_gate,23.76370643130081,0.9171366691589355,0.0995456725358963,0.0772576853632927
LOL-v1,,146.png,full,24.805335432410786,0.89639812707901,0.08459561318159103,0.0661139190196991
LOL-v1,,146.png,retinex_base_only,8.355156130628442,0.46849602460861206,0.24842455983161926,0.22949156165122986
LOL-v1,,146.png,without_residual_refinement,18.114006393444406,0.8409922122955322,0.1036892756819725,0.078926220536232
LOL-v1,,146.png,without_tapetum_update,10.218386711134311,0.6500531435012817,0.22862517833709717,0.20666593313217163
LOL-v1,,146.png,without_attention_modulation,24.805330234765293,0.89639812707901,0.08459658920764923,0.06611394882202148
LOL-v1,,146.png,without_spatial_amplification,10.221341528128804,0.6512933373451233,0.22801561653614044,0.20633961260318756
LOL-v1,,146.png,without_high_frequency_cue,24.805338184107978,0.8963974118232727,0.08459605276584625,0.06611417233943939
LOL-v1,,146.png,without_darkness_gate,23.328805336421294,0.8841797113418579,0.104732945561409,0.08754843473434448
LOL-v1,,179.png,full,18.252938610548814,0.77219158411026,0.11078639328479767,0.09423419088125229
LOL-v1,,179.png,retinex_base_only,13.850253052533795,0.5887846350669861,0.28201982378959656,0.23655200004577637
LOL-v1,,179.png,without_residual_refinement,23.51490281295318,0.8257784843444824,0.10366597026586533,0.08715800940990448
LOL-v1,,179.png,without_tapetum_update,16.673345180850813,0.7225124835968018,0.24860350787639618,0.21132877469062805
LOL-v1,,179.png,without_attention_modulation,18.25286313978729,0.7721908092498779,0.1107865497469902,0.0942341759800911
LOL-v1,,179.png,without_spatial_amplification,16.673510271216628,0.7224594950675964,0.24843622744083405,0.21098893880844116
LOL-v1,,179.png,without_high_frequency_cue,18.2529380695351,0.77219158411026,0.11078622937202454,0.09423372894525528
LOL-v1,,179.png,without_darkness_gate,16.560237098792776,0.7477041482925415,0.11534149944782257,0.10091233998537064
LOL-v1,,22.png,full,27.12701021771408,0.8960043787956238,0.12174560129642487,0.08615332841873169
LOL-v1,,22.png,retinex_base_only,8.557679433097423,0.4861680567264557,0.32697194814682007,0.26219069957733154
LOL-v1,,22.png,without_residual_refinement,19.957446445548886,0.8679201602935791,0.13362577557563782,0.095720574259758
LOL-v1,,22.png,without_tapetum_update,10.410019634351201,0.6704174876213074,0.297250896692276,0.23692423105239868
LOL-v1,,22.png,without_attention_modulation,27.126901940229256,0.8960030674934387,0.12174324691295624,0.08615346997976303
LOL-v1,,22.png,without_spatial_amplification,10.411198292403292,0.6697651743888855,0.2974182963371277,0.23726317286491394
LOL-v1,,22.png,without_high_frequency_cue,27.126978647373434,0.8960033059120178,0.12174616008996964,0.08615205436944962
LOL-v1,,22.png,without_darkness_gate,20.490664544198424,0.8846387267112732,0.13033299148082733,0.10343742370605469
LOL-v1,,23.png,full,17.765378276599854,0.8369242548942566,0.2190946340560913,0.16382375359535217
LOL-v1,,23.png,retinex_base_only,6.965937396384629,0.37962979078292847,0.42249977588653564,0.3525662124156952
LOL-v1,,23.png,without_residual_refinement,13.918628090778197,0.7680103182792664,0.24129989743232727,0.17947646975517273
LOL-v1,,23.png,without_tapetum_update,8.48578911930172,0.5616912245750427,0.39380377531051636,0.32097017765045166
LOL-v1,,23.png,without_attention_modulation,17.76537779303777,0.8369239568710327,0.21909908950328827,0.1638253629207611
LOL-v1,,23.png,without_spatial_amplification,8.488638178841283,0.5618517994880676,0.3937087655067444,0.3215969502925873
LOL-v1,,23.png,without_high_frequency_cue,17.765377309475742,0.8369238972663879,0.21909518539905548,0.1638239473104477
LOL-v1,,23.png,without_darkness_gate,22.33889969135861,0.8497270941734314,0.19575946033000946,0.15162205696105957
LOL-v1,,493.png,full,15.844051402740835,0.562597393989563,0.20918354392051697,0.14840838313102722
LOL-v1,,493.png,retinex_base_only,14.982677728626303,0.5317010283470154,0.2770397365093231,0.23104557394981384
LOL-v1,,493.png,without_residual_refinement,19.91403103840564,0.6461057066917419,0.19186878204345703,0.13398143649101257
LOL-v1,,493.png,without_tapetum_update,17.398395313913,0.5459654331207275,0.27328959107398987,0.23047739267349243
LOL-v1,,493.png,without_attention_modulation,15.84400169350642,0.5625950694084167,0.20918461680412292,0.1484079658985138
LOL-v1,,493.png,without_spatial_amplification,17.38398978671818,0.543899416923523,0.27194106578826904,0.22888007760047913
LOL-v1,,493.png,without_high_frequency_cue,15.844047985212754,0.5625972151756287,0.20918332040309906,0.1484077125787735
LOL-v1,,493.png,without_darkness_gate,13.762223007356056,0.5406494140625,0.21889859437942505,0.1577192097902298
LOL-v1,,547.png,full,18.997918819021564,0.8517739772796631,0.11869630962610245,0.08734175562858582
LOL-v1,,547.png,retinex_base_only,12.341531574019664,0.6128761768341064,0.24182988703250885,0.2080477625131607
LOL-v1,,547.png,without_residual_refinement,26.413044008790877,0.8841642737388611,0.10279500484466553,0.07262822240591049
LOL-v1,,547.png,without_tapetum_update,15.348165093437196,0.7742422223091125,0.20231598615646362,0.17486968636512756
LOL-v1,,547.png,without_attention_modulation,18.997825372177243,0.8517727255821228,0.11869911104440689,0.0873461440205574
LOL-v1,,547.png,without_spatial_amplification,15.34802457546309,0.7739514112472534,0.20214319229125977,0.17441414296627045
LOL-v1,,547.png,without_high_frequency_cue,18.997914323251052,0.8517736196517944,0.11869604885578156,0.08734145015478134
LOL-v1,,547.png,without_darkness_gate,15.232198826373608,0.8192828297615051,0.13791875541210175,0.0987490564584732
LOL-v1,,55.png,full,17.73354819137564,0.868614137172699,0.14499570429325104,0.10523347556591034
LOL-v1,,55.png,retinex_base_only,6.896326848262958,0.3865892291069031,0.34132546186447144,0.2975434958934784
LOL-v1,,55.png,without_residual_refinement,13.811550593832889,0.7723727226257324,0.171533465385437,0.12112639099359512
LOL-v1,,55.png,without_tapetum_update,8.419968880046492,0.5800505876541138,0.30946487188339233,0.26583853363990784
LOL-v1,,55.png,without_attention_modulation,17.733576513295127,0.8686142563819885,0.1449984312057495,0.10523388534784317
LOL-v1,,55.png,without_spatial_amplification,8.424118744452073,0.5823431611061096,0.3088335692882538,0.2658945322036743
LOL-v1,,55.png,without_high_frequency_cue,17.733551551593717,0.8686142563819885,0.14499598741531372,0.10523383319377899
LOL-v1,,55.png,without_darkness_gate,21.33580026941622,0.8724076747894287,0.147074893116951,0.11328418552875519
LOL-v1,,665.png,full,26.679122844708488,0.8248864412307739,0.21753309667110443,0.14703106880187988
LOL-v1,,665.png,retinex_base_only,9.773195644846497,0.44811388850212097,0.3622105121612549,0.3198229670524597
LOL-v1,,665.png,without_residual_refinement,20.77735071301591,0.8025358319282532,0.22209003567695618,0.14967185258865356
LOL-v1,,665.png,without_tapetum_update,12.023913455890032,0.6292445659637451,0.3293679654598236,0.2790401875972748
LOL-v1,,665.png,without_attention_modulation,26.678915745205813,0.8248848915100098,0.21754498779773712,0.1470297873020172
LOL-v1,,665.png,without_spatial_amplification,12.025495797482805,0.6295563578605652,0.3289519250392914,0.27923572063446045
LOL-v1,,665.png,without_high_frequency_cue,26.67912143263299,0.8248864412307739,0.21753302216529846,0.14703111350536346
LOL-v1,,665.png,without_darkness_gate,22.917358671749856,0.8190017342567444,0.22196371853351593,0.15290771424770355
LOL-v1,,669.png,full,25.959245638530746,0.8911792039871216,0.12290392071008682,0.08749619126319885
LOL-v1,,669.png,retinex_base_only,9.003457030454332,0.48167163133621216,0.3273472487926483,0.2791844606399536
LOL-v1,,669.png,without_residual_refinement,19.27581496222723,0.8551949858665466,0.13160350918769836,0.09168402850627899
LOL-v1,,669.png,without_tapetum_update,11.103320786491286,0.6661524176597595,0.2742427587509155,0.22902747988700867
LOL-v1,,669.png,without_attention_modulation,25.959185819787844,0.8911787271499634,0.12290948629379272,0.08749852329492569
LOL-v1,,669.png,without_spatial_amplification,11.104208601577774,0.6663967370986938,0.27416491508483887,0.22922968864440918
LOL-v1,,669.png,without_high_frequency_cue,25.959241650588922,0.8911788463592529,0.12290418893098831,0.08749650418758392
LOL-v1,,669.png,without_darkness_gate,21.728815490522738,0.8699687719345093,0.1493634134531021,0.1119692474603653
LOL-v1,,748.png,full,20.99473021372799,0.8833909034729004,0.11125776916742325,0.10123421251773834
LOL-v1,,748.png,retinex_base_only,12.967132841999263,0.5643050074577332,0.2538723349571228,0.2149610072374344
LOL-v1,,748.png,without_residual_refinement,27.127717349115233,0.9010680913925171,0.10273422300815582,0.09341484308242798
LOL-v1,,748.png,without_tapetum_update,16.390916499014754,0.7579624056816101,0.21331939101219177,0.18032215535640717
LOL-v1,,748.png,without_attention_modulation,20.994594425558223,0.8833891749382019,0.11125543713569641,0.10123467445373535
LOL-v1,,748.png,without_spatial_amplification,16.39196247636745,0.7578746676445007,0.21347680687904358,0.18058420717716217
LOL-v1,,748.png,without_high_frequency_cue,20.99473021372799,0.8833907842636108,0.11125781387090683,0.10123423486948013
LOL-v1,,748.png,without_darkness_gate,17.619780617208317,0.8469477295875549,0.13568994402885437,0.12435474991798401
LOL-v1,,778.png,full,23.024537594004144,0.7879698276519775,0.15584857761859894,0.12755641341209412
LOL-v1,,778.png,retinex_base_only,11.570384984121521,0.3775821626186371,0.3130764663219452,0.2948935329914093
LOL-v1,,778.png,without_residual_refinement,20.91775055886085,0.7456003427505493,0.16272278130054474,0.13237416744232178
LOL-v1,,778.png,without_tapetum_update,14.008311737138776,0.5828199982643127,0.27975398302078247,0.2576168179512024
LOL-v1,,778.png,without_attention_modulation,23.024418697282307,0.7879683971405029,0.15585076808929443,0.12755748629570007
LOL-v1,,778.png,without_spatial_amplification,14.016749158019861,0.5837534070014954,0.27923569083213806,0.25729694962501526
LOL-v1,,778.png,without_high_frequency_cue,23.02453597081879,0.7879694700241089,0.15584959089756012,0.12755653262138367
LOL-v1,,778.png,without_darkness_gate,20.480236248430717,0.778697669506073,0.16721822321414948,0.13823789358139038
LOL-v1,,780.png,full,19.513542950879643,0.7559029459953308,0.1367485523223877,0.10016636550426483
LOL-v1,,780.png,retinex_base_only,14.916796494408434,0.5408459901809692,0.254229873418808,0.2027117908000946
LOL-v1,,780.png,without_residual_refinement,24.762590361907133,0.7848432660102844,0.12968461215496063,0.09066594392061234
LOL-v1,,780.png,without_tapetum_update,18.297314796220764,0.7116175293922424,0.20041875541210175,0.1559704840183258
LOL-v1,,780.png,without_attention_modulation,19.513495218808302,0.7559019923210144,0.13674937188625336,0.1001671552658081
LOL-v1,,780.png,without_spatial_amplification,18.301759592212868,0.7117535471916199,0.2000695765018463,0.1560082584619522
LOL-v1,,780.png,without_high_frequency_cue,19.513540419620263,0.7559029459953308,0.13674846291542053,0.10016607493162155
LOL-v1,,780.png,without_darkness_gate,17.488962683178606,0.7305008769035339,0.1548188030719757,0.11889512836933136
LOL-v1,,79.png,full,17.998050966358367,0.9035245180130005,0.09164519608020782,0.05872137099504471
LOL-v1,,79.png,retinex_base_only,6.65668524050962,0.41725921630859375,0.34250208735466003,0.25804603099823
LOL-v1,,79.png,without_residual_refinement,13.77889726609216,0.8459320664405823,0.11647729575634003,0.08037479221820831
LOL-v1,,79.png,without_tapetum_update,8.243621804809608,0.5846908688545227,0.27938583493232727,0.20712025463581085
LOL-v1,,79.png,without_attention_modulation,17.99806933271245,0.90352463722229,0.09164514392614365,0.05872127413749695
LOL-v1,,79.png,without_spatial_amplification,8.243881806454658,0.584677517414093,0.2794036269187927,0.20724229514598846
LOL-v1,,79.png,without_high_frequency_cue,17.99805147653382,0.9035245180130005,0.09164515137672424,0.05872146040201187
LOL-v1,,79.png,without_darkness_gate,23.119466001796614,0.9144678115844727,0.08345364779233932,0.057799067348241806
